Unlocode,Parent
AEJEA,AEDXB
AENHD,AEDXB
AOMSZ,AOMOS
ARAEP,ARBUE
ARALL,ARGNR
ATADD,ATNAA
ATARO,ATKMR
ATBDA,ATANR
ATERO,ATKBW
ATERP,ATKFT
ATESN,ATWKI
ATETH,ATHOL
ATFBN,ATGFW
ATFDG,ATLGU
ATFNA,ATVIE
ATGFS,ATSAW
ATGFT,ATATT
ATGRF,ATMUC
ATGSB,ATARB
ATGSB,ATGMA
ATJOC,ATWKD
ATKDT,ATRTZ
ATKIF,ATGWD
ATKIF,ATGWF
ATKOG,ATBKD
ATKRZ,ATKTU
ATKTF,ATKFB
ATKUD,ATERF
ATLLG,ATKAN
ATMDS,ATTRH
ATMLD,ATTSK
ATMOF,ATKIN
ATMTB,ATBFS
ATMTN,ATMUD
ATNE2,ATTTL
ATNET,ATANS
ATNEU,ATLDO
ATNMN,ATHOM
ATNRF,ATAMS
ATOBH,ATZWT
ATORB,ATLEO
ATORH,ATBRU
ATOWG,ATSTP
ATPIS,ATPGO
ATPRH,ATLAA
ATPST,ATGST
ATPZF,ATNIS
ATRAN,ATSHT
ATRHN,ATBRA
ATROS,ATSJK
ATRSD,ATNAT
ATRWL,ATPBM
ATSBC,ATWLL
ATSGN,ATLGU
ATSJB,ATZAE
ATSYM,ATLKI
ATTBG,ATHEL
ATTBG,ATOBU
ATTRW,ATTSK
ATTYN,ATNAT
ATUFN,ATRRA
ATULB,ATDUE
ATUNG,ATGSD
ATURF,ATLNZ
ATWAN,ATFLT
ATWE3,ATSRB
ATWNO,ATWS6
ATZIP,ATNVC
ATZLF,ATGHH
ATZNG,ATLAG
ATZRF,ATPOY
AU2IC,AUMEL
AU2TO,AUMEL
AU2VC,AUMEL
AU4VC,AUMEL
AU5CO,AUMEL
AU5RC,AUMEL
AU5TO,AUMEL
AU6CO,AUMEL
AU6VC,AUMEL
AU7IC,AUMEL
AU8VC,AUMEL
AUABA,AUMEL
AUALT,AUMEL
AUAMD,AUMEL
AUAPT,AUMEL
AUATK,AUMEL
AUATO,AUMEL
AUAUA,AUPER
AUB3B,AUMEL
AUBKL,AUMEL
AUBLY,AUMEL
AUBMW,AUMEL
AUBNX,AUMEL
AUBRB,AUMEL
AUBRS,AUMEL
AUBTV,AUMEL
AUBUN,AUMEL
AUBUW,AUMEL
AUBYS,AUMEL
AUCAD,AUMEL
AUCBG,AUMEL
AUCFL,AUMEL
AUCLD,AUMEL
AUCMR,AUMEL
AUCOL,AUMEL
AUCTT,AUMEL
AUCVA,AUMEL
AUDCR,AUMEL
AUDGY,AUMEL
AUDIA,AUMEL
AUDND,AUMEL
AUDPK,AUMEL
AUDVE,AUMEL
AUDVI,AUMEL
AUDVT,AUMEL
AUE4E,AUMEL
AUELT,AUMEL
AUELW,AUMEL
AUEPP,AUMEL
AUEPT,AUPER
AUFCY,AUMEL
AUFFL,AUMEL
AUFIT,AUMEL
AUFOR,AUMEL
AUFRR,AUPER
AUGGR,AUMEL
AUGLW,AUMEL
AUHBW,AUMEL
AUHCG,AUMEL
AUHEI,AUMEL
AUHLM,AUMEL
AUHTE,AUMEL
AUILL,AUMEL
AUILM,AUMEL
AUKBO,AUMEL
AUKGO,AUMEL
AUKLR,AUMEL
AULME,AUMEL
AULPY,AUMEL
AULRI,AUMEL
AULVH,AUMEL
AUM6Y,AUMEL
AUM7K,AUMEL
AUMBW,AUMEL
AUMBY,AUMEL
AUMDC,AUMEL
AUMDG,AUTSV
AUMDO,AUMEL
AUMEN,AUMEL
AUMHW,AUPER
AUMIK,AUMEL
AUMLP,AUMEL
AUMT9,AUMEL
AUMTN,AUMEL
AUMTY,AUPER
AUMUL,AUMEL
AUMVN,AUMEL
AUN7K,AUMEL
AUNBP,AUMEL
AUNRW,AUMEL
AUNTH,AUMEL
AUNWD,AUMEL
AUNWT,AUMEL
AUOLH,AUMEL
AUOOC,AUMEL
AUORK,AUMEL
AUOSP,AUPER
AUP6D,AUMEL
AUPCH,AUMEL
AUPCK,AUMEL
AUPHR,AUMEL
AUPSO,AUMEL
AUR4W,AUMEL
AURES,AUMEL
AURFU,AUMEL
AURHM,AUMEL
AURKK,AUMEL
AURLT,AUPER
AURON,AUMEL
AURWE,AUMEL
AUS2A,AUMEL
AUS2M,AUMEL
AUS2R,AUMEL
AUS2V,AUMEL
AUS3B,AUMEL
AUS3E,AUMEL
AUS3N,AUMEL
AUS3W,AUMEL
AUS4G,AUMEL
AUS4J,AUMEL
AUS4W,AUMEL
AUSCY,AUMEL
AUSGV,AUMEL
AUSGY,AUMEL
AUSOM,AUMEL
AUSPW,AUMEL
AUSRS,AUMEL
AUSSD,AUMEL
AUSSF,AUMEL
AUSWA,AUPER
AUSYA,AUMEL
AUT6C,AUMEL
AUTBY,AUMEL
AUTHM,AUMEL
AUTHO,AUMEL
AUTME,AUMEL
AUTPW,AUMEL
AUTQY,AUHVB
AUTRD,AUMEL
AUTRU,AUMEL
AUUCG,AUMEL
AUV4K,AUMEL
AUVDS,AUMEL
AUVHT,AUMEL
AUVIB,AUMEL
AUVIE,AUMEL
AUVIL,AUMEL
AUVPK,AUMEL
AUVSB,AUMEL
AUVWS,AUMEL
AUW23,AUPER
AUWAR,AUMEL
AUWFO,AUMEL
AUWHT,AUMEL
AUWPR,AUMEL
AUWPW,AUPER
AUWRB,AUMEL
AUWST,AUMEL
AUWTS,AUMEL
AUWTW,AUMEL
AUWV5,AUMEL
AUWVV,AUMEL
AUYRL,AUCBR
AZALA,AZBAK
BE2HW,BEECS
BE7PD,BEHON
BE9IR,BEBTS
BEAAB,BESTR
BEAAT,BEAUG
BEABC,BEWHT
BEABE,BEATH
BEABO,BESPU
BEABR,BEBGS
BEABY,BENSO
BEACE,BENAM
BEACH,BEHFA
BEACS,BEGDU
BEADI,BEQVA
BEADK,BEDPA
BEADU,BEWHT
BEAEL,BEANS
BEAFN,BEGNE
BEAGE,BEMLG
BEAGI,BENAM
BEAGT,BEVIS
BEAHE,BEWAN
BEAHL,BEHAH
BEAHO,BELAD
BEAIE,BEVEU
BEAKN,BEVLI
BEALB,BEKJK
BEAML,BEAME
BEAMO,BEDIS
BEANB,BELGG
BEAND,BENAM
BEANG,BEHON
BEANH,BENAM
BEANL,BEBRU
BEANY,BENAM
BEAOG,BEMDL
BEAPE,BEWHT
BEAPL,BEDDR
BEAPS,BEAMY
BEAPT,BENNV
BEAQE,BESEN
BEARE,BEBRG
BEARO,BEGBK
BEARS,BETLT
BEART,BEZED
BEASB,BEBEE
BEASE,BENNV
BEASN,BENAM
BEASR,BENAM
BEASS,BEVLI
BEAST,BEDEZ
BEATH,BEWHT
BEATO,BEWHT
BEAUB,BEWHT
BEAVE,BEANH
BEAVG,BEFAV
BEAVS,BESAV
BEBAD,BEWLB
BEBAI,BENAM
BEBAL,BETMO
BEBAN,BEHUY
BEBAS,BENIV
BEBAT,BEECH
BEBAV,BEHEJ
BEBAX,BECHM
BEBAY,BETNO
BEBAY,BETRN
BEBBX,BETPO
BEBBY,BEDAL
BEBCE,BETHU
BEBCI,BEWHT
BEBCM,BEKSR
BEBCN,BEBNY
BEBCO,BEWHT
BEBCR,BEMAN
BEBCS,BETNO
BEBCS,BETRN
BEBDE,BEAAB
BEBDH,BEMAN
BEBDI,BETNO
BEBDI,BETRN
BEBDU,BEGHI
BEBDV,BENAM
BEBEA,BEWHT
BEBEH,BEGVY
BEBEI,BEGRB
BEBEN,BEDUY
BEBES,BEWHT
BEBET,BEWRE
BEBEV,BEROE
BEBEZ,BENAM
BEBFE,BEPWZ
BEBFY,BECFO
BEBGA,BENAM
BEBGE,BEKJK
BEBGI,BEPWZ
BEBGK,BEEEK
BEBGK,BEMLG
BEBGN,BELAN
BEBGO,BEMAC
BEBGO,BESKK
BEBHA,BELBS
BEBHH,BEKEE
BEBHR,BEBHT
BEBHT,BEWHT
BEBIE,BEWVR
BEBIH,BERBQ
BEBIM,BENAM
BEBIV,BENAM
BEBIZ,BEAVR
BEBKM,BELBK
BEBLA,BEWBR
BEBLC,BEWBR
BEBLD,BEOHE
BEBLI,BEPIN
BEBLK,BEDJK
BEBLO,BEWHT
BEBLS,BECHM
BEBLT,BEABC
BEBLX,BEDUY
BEBLZ,BEVLI
BEBMA,BEDUY
BEBMI,BEPWZ
BEBNA,BEBHT
BEBND,BENSO
BEBNN,BESMO
BEBNO,BENAM
BEBNR,BEAME
BEBNU,BEDAL
BEBO2,BEQVY
BEBOA,BEWAN
BEBOC,BEVLI
BEBOG,BEVLI
BEBOH,BEVSO
BEBOL,BEHRV
BEBOO,BEMMN
BEBOR,BEANR
BEBOS,BEHPG
BEBOT,BELLO
BEBOU,BEGNA
BEBOV,BEWHT
BEBPC,BEANR
BEBQE,BENAM
BEBQY,BELHT
BEBR3,BEZOB
BEBRE,BEVLI
BEBRG,BEWHT
BEBRI,BEGEM
BEBRO,BEGLO
BEBRT,BEANR
BEBRV,BEBUR
BEBRY,BEATO
BEBSA,BEBRU
BEBSE,BEKJK
BEBSI,BEMCA
BEBSL,BESNK
BEBSM,BEMEC
BEBSN,BELIM
BEBSO,BEPWZ
BEBSR,BEDDR
BEBSS,BEWHT
BEBST,BEGHE
BEBSU,BEAVL
BEBSX,BELGG
BEBSY,BESIY
BEBSZ,BEDIK
BEBTC,BEHRV
BEBTE,BEPIN
BEBTK,BERDL
BEBTY,BEGEM
BEBUD,BEZWL
BEBUG,BENAM
BEBUL,BEBL7
BEBUN,BETHU
BEBUR,BENAM
BEBUS,BEFAV
BEBUV,BEGLO
BEBUY,BEPWZ
BEBUZ,BEHFB
BEBVA,BENIV
BEBVC,BEWBR
BEBVG,BESHM
BEBVL,BENYL
BEBVM,BENAM
BEBVO,BERIN
BEBVS,BELBY
BEBVU,BEBCI
BEBVX,BEBUO
BEBVY,BEGVY
BEBWA,BEWHT
BEBWN,BEWHT
BEBWZ,BEMOM
BEBYR,BEFLE
BEBYT,BEGNA
BEBZE,BEWCO
BEBZG,BEIPR
BEBZO,BEETL
BECAD,BENAM
BECAL,BEPWZ
BECAR,BEWBR
BECAS,BESOI
BECAX,BEHRV
BECBI,BEBUO
BECBQ,BETBZ
BECCA,BEGEM
BECCS,BEWHT
BECEL,BENAM
BECET,BEWBR
BECEX,BESOU
BECFA,BEWHT
BECGE,BENAM
BECGX,BEWBR
BECHA,BEWHT
BECHE,BELGG
BECHI,BEWHT
BECHM,BEWHT
BECHO,BEWHT
BECIG,BECGX
BECLE,BEWHT
BECLM,BETCL
BECLN,BEATO
BECLO,BELHT
BECLY,BEWIN
BECME,BEETL
BECNO,BESOI
BECNR,BEWHT
BECNX,BEHRV
BECNY,BENAM
BECOH,BEHNO
BECOM,BEWHT
BECOU,BECRL
BECPE,BEFRI
BECPI,BENAM
BECPO,BETVL
BECPY,BEMQS
BECQR,BEFMA
BECRA,BEVIS
BECRB,BEMSU
BECRE,BENAM
BECRI,BEGVY
BECRL,BEWHT
BECRO,BESVH
BECRO,BEVIT
BECRQ,BETNO
BECRQ,BETRN
BECRU,BENAM
BECRY,BEOTI
BECTA,BEOPY
BECTL,BECHA
BECUS,BEMQS
BECUT,BENAM
BECUV,BENAM
BECWA,BELHT
BEDAV,BENAM
BEDAX,BENAM
BEDEG,BEANR
BEDEK,BESGW
BEDEL,BEBWS
BEDEU,BESML
BEDGB,BEMAC
BEDGN,BEGNE
BEDGU,BEFAV
BEDGX,BEMRS
BEDIA,BENAM
BEDIO,BEBUR
BEDKN,BELOK
BEDLS,BEDSO
BEDND,BENNV
BEDOH,BEBUO
BEDOI,BENAM
BEDOL,BESMO
BEDON,BEHKA
BEDOU,BEWHT
BEDPK,BEVLI
BEDPY,BECRL
BEDRA,BEHVL
BEDRI,BEGEE
BEDSI,BETHU
BEDSL,BEWAR
BEDSO,BEVLI
BEDTO,BEGNE
BEDTS,BEMOS
BEDUD,BEBGS
BEDUR,BESTR
BEDWP,BEBEE
BEDXN,BELES
BEE8O,BEMAK
BEEAM,BEOUD
BEEBI,BENAM
BEEBR,BEKTB
BEEBU,BECFO
BEEBZ,BEBLZ
BEECA,BEECS
BEECS,BEWHT
BEEEE,BETSE
BEEEM,BEIHE
BEEET,BEVIR
BEEFS,BECLE
BEEGI,BEWHT
BEEHT,BELDA
BEEHT,BEYZO
BEEIN,BEOUD
BEEKE,BEANR
BEEKL,BEHEK
BEEKS,BELOK
BEELA,BEECS
BEELI,BEPIN
BEELS,BEMRL
BEEMP,BEWHT
BEENS,BEVER
BEENU,BETVL
BEEPC,BETNO
BEEPC,BETRN
BEEPG,BEZET
BEEPI,BENAM
BEEPN,BEWHT
BEEPO,BEBCI
BEEPT,BENAM
BEEQM,BEPCQ
BEERM,BEAAB
BEESA,BEWHT
BEESB,BEBGH
BEESD,BEMMN
BEESE,BEBRU
BEESI,BEECS
BEESK,BEKTB
BEESN,BEDIK
BEEST,BEEMP
BEETE,BEBRU
BEETI,BEWHT
BEEVE,BEIPR
BEEVG,BESOU
BEEVR,BEBRU
BEEVX,BEEEZ
BEEWI,BEZET
BEEWK,BELEG
BEEYT,BERAE
BEEZE,BENAM
BEEZS,BEWHT
BEFAL,BENAM
BEFAV,BEWHT
BEFBQ,BEWHT
BEFBU,BEFAV
BEFCA,BEBUR
BEFCS,BEWHT
BEFEQ,BEWHT
BEFER,BEDAL
BEFES,BEWHT
BEFEY,BESEN
BEFFO,BEBUR
BEFFX,BENAM
BEFIL,BEHMO
BEFIM,BETNO
BEFIM,BETRN
BEFIS,BENSO
BEFLE,BEWHT
BEFLG,BEBOV
BEFLH,BEFMA
BEFLM,BEMAN
BEFLN,BEAMY
BEFLO,BENAM
BEFLR,BENAM
BEFLT,BENAM
BEFLU,BEMQS
BEFMG,BEFMA
BEFMI,BEBSG
BEFMI,BEBTO
BEFMO,BEPLI
BEFMR,BECRL
BEFNO,BENAM
BEFNR,BENAM
BEFNX,BENAM
BEFNY,BEATO
BEFOG,BECHM
BEFOL,BEOJA
BEFOR,BENAM
BEFPI,BEMOM
BEFRC,BESLT
BEFRM,BEAVR
BEFRY,BEARL
BEFSV,BENAM
BEFUX,BESEN
BEFVT,BEMCA
BEFWI,BENAM
BEFXI,BEJPE
BEFYD,BENAM
BEFYE,BETNO
BEFYE,BETRN
BEFYS,BEPLI
BEGAG,BEBRG
BEGAX,BELHT
BEGBA,BEGNA
BEGBG,BEPEE
BEGBH,BELUM
BEGBJ,BEDBK
BEGBQ,BEATH
BEGBU,BEGNE
BEGDE,BEHSS
BEGDI,BEWHT
BEGDN,BENAM
BEGDO,BELIM
BEGDU,BEWBR
BEGED,BENAM
BEGEM,BENAM
BEGEV,BERIX
BEGGI,BEATH
BEGGM,BEDDR
BEGGO,BEKTM
BEGHI,BEWHT
BEGHL,BEMQS
BEGHO,BEBRU
BEGHX,BEVSM
BEGHY,BELES
BEGIL,BESGW
BEGIT,BEHHG
BEGKO,BEAVR
BEGLA,BERMS
BEGLE,BEGEM
BEGLK,BELAN
BEGLO,BEVLI
BEGLW,BEWER
BEGLY,BECRL
BEGME,BEGEA
BEGMI,BEPBI
BEGMM,BEDEZ
BEGNA,BEWBR
BEGNK,BEVLI
BEGOM,BEHES
BEGON,BENAM
BEGOS,BECRL
BEGPI,BEWHT
BEGPO,BECCS
BEGRA,BETNO
BEGRA,BETRN
BEGRE,BESTR
BEGRI,BENAM
BEGRN,BEHOI
BEGRO,BEDBK
BEGRU,BENSO
BEGRY,BEQVY
BEGSE,BENAM
BEGTM,BEDEZ
BEGTX,BECRL
BEGUG,BEWEV
BEGUR,BEWCO
BEGUT,BEHSE
BEGVD,BEZOB
BEGVE,BENAM
BEGVI,BELGG
BEGVO,BEVOE
BEGWE,BESCE
BEGZE,BETHU
BEGZM,BEAAB
BEH9G,BEBOG
BEH9G,BEVLI
BEHAD,BEOHE
BEHAE,BEBVC
BEHAH,BEVLI
BEHAL,BEHAH
BEHAR,BEBRU
BEHBE,BEDEZ
BEHBK,BEBLZ
BEHBN,BEANR
BEHBU,BEPBI
BEHCA,BEWKD
BEHCI,BEWBR
BEHCL,BEHEK
BEHCS,BEABC
BEHCT,BEOPY
BEHDE,BEKNA
BEHDK,BEWLB
BEHDQ,BEBWS
BEHDY,BEAIS
BEHEE,BENAM
BEHEI,BEKHI
BEHEK,BEVLI
BEHEP,BELPG
BEHET,BEVLI
BEHEU,BEKJK
BEHFE,BEECH
BEHGA,BELLO
BEHGE,BEBON
BEHGG,BELLO
BEHGU,BEAWS
BEHHE,BEVLI
BEHHN,BEWHT
BEHIT,BEITR
BEHIV,BERAR
BEHKA,BEVLI
BEHKM,BEAFF
BEHLA,BEVLI
BEHLG,BEGEE
BEHLL,BEOBL
BEHLO,BENAM
BEHLX,BERAR
BEHMA,BEWIN
BEHMB,BEJPS
BEHME,BEMEC
BEHMH,BEENG
BEHMI,BENAM
BEHNA,BEKTK
BEHNE,BETNO
BEHNE,BETRN
BEHNI,BEPCQ
BEHNS,BEWHT
BEHOA,BEGNA
BEHOD,BERCU
BEHOE,BEVLI
BEHOF,BEZET
BEHOK,BEIPR
BEHOL,BEBHT
BEHON,BEWHT
BEHOU,BENAM
BEHPA,BEAME
BEHPD,BENAM
BEHPS,BEFLE
BEHQI,BEFAV
BEHRA,BELAP
BEHRE,BEMQS
BEHRI,BEMQS
BEHRQ,BEFAV
BEHRU,BEBSS
BEHRY,BEMES
BEHRZ,BEAYW
BEHSA,BEOPY
BEHSD,BEAAB
BEHSE,BEVLI
BEHSL,BEVLI
BEHSM,BEOPY
BEHSP,BELLO
BEHSS,BEVLI
BEHSX,BEMOS
BEHSY,BEVER
BEHTH,BEHHE
BEHTI,BETNO
BEHTI,BETRN
BEHTJ,BEGHI
BEHTM,BENAM
BEHTN,BEATH
BEHTP,BEVLI
BEHTS,BEZWE
BEHUL,BEHEJ
BEHUM,BEGRB
BEHUR,BEOPY
BEHUS,BEBNY
BEHUT,BEWHT
BEHUX,BENAM
BEHV2,BESTA
BEHVA,BENAM
BEHVB,BELEU
BEHVE,BEBMB
BEHVG,BEMQS
BEHVN,BENAM
BEHVY,BEQVY
BEHWA,BEBHT
BEHYB,BEAAB
BEHYD,BEDUY
BEHYE,BENAM
BEHYO,BEMQS
BEHZI,BEBEE
BEHZO,BEVLI
BEHZY,BEAUG
BEIAI,BEHAT
BEIBE,BEDBK
BEICO,BEWBR
BEIDG,BEGEA
BEIGM,BEAZM
BEISE,BEGEM
BEISR,BEATH
BEITE,BEHPG
BEITR,BEWBR
BEIWE,BEATH
BEIZE,BEAVR
BEIZI,BEDUY
BEJAK,BELGG
BEJAM,BENAM
BEJBI,BEWHT
BEJDO,BEWBR
BEJET,BEBRU
BEJK8,BEGIS
BEJKP,BEDIK
BEJLE,BENAM
BEJME,BEMQS
BEJMO,BECBF
BEJPS,BENAM
BEJSE,BEVSU
BEJUM,BECRL
BEKAI,BETNO
BEKAI,BETRN
BEKAN,BERIS
BEKAS,BEAZM
BEKBB,BEAES
BEKBE,BEPOP
BEKCT,BEIZG
BEKDE,BEBWS
BEKES,BENYL
BEKET,BEHSS
BEKGV,BEDIE
BEKHN,BEAVL
BEKHO,BELML
BEKKE,BEHAT
BEKKR,BEDIK
BEKKT,BELIE
BEKLE,BEBOC
BEKLS,BEBLZ
BEKME,BEHVL
BEKMO,BEKNA
BEKMZ,BESTK
BEKNL,BEBOG
BEKNL,BEVLI
BEKNO,BEKHI
BEKOE,BEBRU
BEKOI,BEKJK
BEKOO,BEADO
BEKOR,BEBKE
BEKOS,BERIN
BEKOU,BEBWS
BEKPN,BEGBK
BEKRK,BEHHU
BEKRN,BEHSS
BEKRO,BEVLI
BEKS3,BELAN
BEKSN,BEKRO
BEKSO,BELEU
BEKST,BEGOK
BEKTE,BEEUP
BEKTM,BEHSS
BEKWA,BEMHA
BEKWB,BEWLB
BEKZN,BENWK
BELAK,BELPO
BELAM,BETNO
BELAM,BETRN
BELAN,BEVLI
BELAS,BEWBR
BELAW,BEMEN
BELBE,BEHFB
BELBM,BEVER
BELBO,BEFES
BELBS,BEWHT
BELBT,BEFLE
BELBU,BECBF
BELBY,BENAM
BELCA,BECHM
BELCI,BEPCL
BELCU,BEFRI
BELDI,BEBHT
BELDN,BELBK
BELDO,BEAAS
BELDS,BEWHT
BELEH,BEWUU
BELER,BEHRS
BELES,BEWHT
BELFA,BEBTM
BELFE,BEMIK
BELFG,BECGX
BELGA,BEBSG
BELGA,BEBTO
BELGM,BEDEZ
BELGN,BEATH
BELGO,BEGNK
BELGY,BEGEE
BELHK,NLBNS
BELHL,BEWBR
BELHO,BESHM
BELHT,BEWHT
BELIL,BEANR
BELIU,BEMOS
BELIX,BEVIS
BELKO,BEHVL
BELLN,BEOTI
BELLO,BEWHT
BELME,BEOTI
BELML,BEVLI
BELNE,BEWCO
BELNK,BEDSO
BELNS,BEWHT
BELNY,BEVIS
BELOA,BEBRD
BELOC,BEANS
BELOD,BECRL
BELOP,BECHM
BELOT,BEBEE
BELOY,BENAM
BELOZ,BEBOC
BELPE,BEGNA
BELPG,BEVLI
BELPI,BEBHT
BELPM,BEZED
BELPT,BENAM
BELPZ,BEWIN
BELQA,BEATH
BELRE,BEFEQ
BELRG,BEGNE
BELRM,BEGEL
BELSE,BEAVR
BELSG,BEBGS
BELSI,BEMIK
BELSN,BELAS
BELSO,BENAM
BELST,BEECH
BELSY,BENSO
BELTA,BEBCI
BELTI,BEBRS
BELTO,BEVIR
BELUE,BEMBW
BELUI,BENAM
BELUM,BEVLI
BELUT,BEPCL
BELUV,BESMO
BELUZ,BECHI
BELVA,BESOD
BELVE,BENAM
BELVM,BENAM
BELVW,BESKA
BELVW,BESSL
BELWE,BESVH
BELWE,BEVIT
BELWI,BEBLA
BEMAF,BENAM
BEMAN,BEWHT
BEMAP,BECRL
BEMAR,BEKJK
BEMAZ,BEGEM
BEMBA,BEGLO
BEMBE,BENNV
BEMBI,BEFAV
BEMBK,BESKK
BEMBL,BEBLZ
BEMBO,BEHFA
BEMBS,BEVLV
BEMBU,BENSO
BEMBY,BEATO
BEMCA,BEWHT
BEMCE,BENAM
BEMCL,BECRL
BEMCN,BEZUL
BEMCO,BEMOM
BEMCQ,BEMOM
BEMCT,BETNO
BEMCT,BETRN
BEMCX,BESOU
BEMDE,BEAAB
BEMDK,BESGW
BEMDL,BEWHT
BEMDO,BEGNE
BEMEA,BENAM
BEMEB,BEATH
BEMEE,BEHOO
BEMEG,BEZWA
BEMEI,BEJDO
BEMEM,BEAES
BEMEU,BETLT
BEMEW,BELOK
BEMFF,BEATH
BEMFG,BENCU
BEMGE,BEFRO
BEMGL,BEBRG
BEMGM,BEDEZ
BEMGN,BESAV
BEMGS,BECRL
BEMGU,BEVLI
BEMHA,BEVLI
BEMHI,BENAM
BEMHN,BEZAN
BEMHO,BEHOO
BEMID,BEMLG
BEMIL,BEHRS
BEMIR,BEMOM
BEMKE,BEMIK
BEMKI,BETWI
BEMLD,BENAM
BEMLE,BEBWS
BEMLL,BENAM
BEMLM,BEPHI
BEMLN,BENAM
BEMLR,BEHOO
BEMLS,BETNO
BEMLS,BETRN
BEMLT,BEBOV
BEMLW,BEWHT
BEMLX,BEATH
BEMMA,BECRL
BEMMN,BEVLI
BEMN2,BELNZ
BEMND,BEDIE
BEMNE,BEBUR
BEMNL,BESOU
BEMNO,BEZWE
BEMNT,BEHFA
BEMOB,BEGVY
BEMOE,BEVOE
BEMOK,BEDMM
BEMOL,BEAAB
BEMOM,BEWHT
BEMON,BEWHT
BEMOO,BEWEV
BEMOS,BEWHT
BEMOT,BEPBI
BEMQS,BEWHT
BEMRA,BENAM
BEMRD,BEDEZ
BEMRE,BEKTB
BEMRG,BELLO
BEMRI,BEGNE
BEMRK,BEANR
BEMRM,BEHHU
BEMRO,BEJPS
BEMRQ,BETNO
BEMRQ,BETRN
BEMS5,BEHON
BEMSA,BETNO
BEMSA,BETRN
BEMSD,BEBLZ
BEMSG,BEWHT
BEMSJ,BEBRU
BEMSK,BEVLI
BEMSN,BEPLI
BEMSO,BESPU
BEMSP,BEDDR
BEMSR,BEMQS
BEMSS,BECRL
BEMSU,BEWBR
BEMTE,BENAM
BEMTN,BEGHE
BEMTX,BEDAL
BEMUI,BEECH
BEMUL,BETNO
BEMUL,BETRN
BEMUN,BEFRI
BEMUS,BEFAV
BEMUX,BELBY
BEMVA,BEATH
BEMVI,BEMQS
BEMWE,BEBKO
BEMZK,BEHMM
BEMZT,BEAND
BENAS,BESOI
BENBA,BEMQS
BENBL,BEGEA
BENCA,BEDAL
BENCO,BENPE
BENDM,BEBGH
BENDW,BEHER
BENED,BEKMH
BENEG,BENNV
BENES,BETRO
BENEU,BESOI
BENFE,BENAM
BENFO,BEBUO
BENHA,BELAN
BENHR,BEZWA
BENHY,BEHUY
BENIV,BEWBR
BENKW,BESNK
BENLA,BELAD
BENMA,BEGHI
BENMC,BEAND
BENMO,BELAP
BENNE,BENAM
BENOK,BEKHM
BENRO,BEHSK
BENRP,BEVLI
BENRT,BEMSK
BENSG,BEZAV
BENTE,BENAM
BENUK,BEMAK
BENVE,BEMQS
BENVH,BEBRU
BENVL,BEDEZ
BENVX,BEPLI
BENWE,BEAAB
BENWK,BEVLI
BENWO,BEGEA
BEOAY,BENAM
BEOBI,BEPCQ
BEOBR,BEMQS
BEOBT,BEAMY
BEODA,BESPL
BEODA,BESPT
BEODE,BEBRU
BEODM,BEDDR
BEOGA,BEHGD
BEOGE,BEATH
BEOGI,BEFAV
BEOGS,BELES
BEOGY,BELES
BEOHA,BELAS
BEOHN,BEKRO
BEOHY,BENAM
BEOJA,BEWBR
BEOKG,BENNV
BEOLE,BEGEA
BEOLS,BEZUL
BEOMA,BEGEE
BEOOG,BEWIK
BEOOS,BEGNE
BEOPG,BEVLI
BEOPH,BEGEA
BEOPI,BEBRE
BEOPO,BEPLI
BEOQC,BETBZ
BEORQ,BETNO
BEORQ,BETRN
BEORR,BEMDL
BEOSG,BEDTE
BEOSH,BEMHA
BEOSI,BEBLA
BEOSL,BEMAL
BEOSV,BEVLE
BEOTG,BEZWE
BEOTI,BEWBR
BEOTL,BEGEL
BEOTO,BERAR
BEOTS,BEATH
BEOTY,BEAVL
BEOUG,BEZER
BEOUT,BENNV
BEOVE,BEVLI
BEOZL,BEGEA
BEPAL,BERIN
BEPAS,BEZOB
BEPBE,BELBK
BEPCL,BEWHT
BEPCQ,BEWHT
BEPEE,BEVLI
BEPEI,BEMEC
BEPER,BESKK
BEPFE,BENAM
BEPFV,BEJPE
BEPGI,BELES
BEPHI,BENAM
BEPKH,BELRI
BEPLE,BEZAN
BEPLO,BEAPE
BEPLY,BEVIS
BEPME,BEABC
BEPML,BERDL
BEPOL,BENNV
BEPPE,BERVS
BEPPX,BELHT
BEPRI,BEBAK
BEPRN,BESEN
BEPRO,BEBUR
BEPRV,BEPOP
BEPRW,BENAM
BEPSD,BEOBG
BEPSE,BEWHT
BEPSH,BECUV
BEPST,BEMLO
BEPSU,BECPN
BEPTI,BEVSM
BEPTR,BEVER
BEPTS,BECLE
BEPUL,BEZAN
BEPUR,BENAM
BEPVX,BENPE
BEPWE,BEWBR
BEPWZ,BEWHT
BEQAR,BETNO
BEQAR,BETRN
BEQCA,BEWHT
BEQRO,BEWHT
BEQUE,BERBQ
BEQVA,BEWHT
BEQVY,BEWHT
BEQW2,BECHA
BERAG,BETHU
BERBE,BEPOP
BERBQ,BEWBR
BERBX,BEATH
BERCI,BETNO
BERCI,BETRN
BERCL,BEVIS
BERCO,BEAUG
BERCT,BEPWZ
BERDA,BEVOE
BEREC,BELIB
BEREM,BELAN
BEREQ,BEWHT
BERGE,BELRI
BERGM,BEAES
BERGS,BEWHT
BERGY,BEBHT
BERHA,BEPOP
BERHE,BESTU
BERIN,BEVLI
BERIS,BEVLI
BERIX,BEWBR
BERJT,BELGG
BERKE,BESTR
BERKM,BEMEN
BERKP,BEKHI
BERLA,BEAAS
BERMD,BEKPB
BERMI,BEWBR
BERML,BETNO
BERML,BETRN
BERMS,BEWHT
BERMU,BEGBE
BEROC,BENAM
BEROG,BEWCO
BEROL,BEKJK
BEROM,BEFRO
BEROS,BEAPE
BEROT,BEDSO
BEROU,BEWHT
BEROX,BECRL
BERQS,BEBCO
BERRA,BEBL7
BERSA,BECRL
BERSI,BERIX
BERSL,BEWEE
BERSS,BETTY
BERSX,BEBCI
BERTE,BEFRO
BERUE,BEKSR
BERUI,BESPL
BERUI,BESPT
BERUM,BEROE
BERUV,BEOKP
BERZE,BECHM
BESAM,BEFLE
BESAR,BERAR
BESAT,BENAM
BESAV,BENAM
BESBF,BENAM
BESBG,BEWHT
BESBK,BEBRU
BESBU,BELBS
BESCH,BEBRU
BESCY,BENAM
BESDA,BEDBK
BESDI,BEMQS
BESDP,BETSE
BESDW,BEGNE
BESDY,BEZWE
BESDZ,BETTY
BESEN,BEWHT
BESES,BEAND
BESEV,BEWAR
BESFY,BEGNE
BESGI,BEBRU
BESGM,BEHEJ
BESGX,BEAND
BESHB,BEWIH
BESHE,BEGEA
BESHF,BELNZ
BESHO,BEHOE
BESHR,BEMRL
BESIP,BEPBI
BESIV,BEBNY
BESIY,BEWHT
BESJB,BETWI
BESJE,BESLU
BESJL,BEDMM
BESJN,BEBRU
BESJW,BEOHE
BESKE,BEVEU
BESKI,BEHPG
BESKL,BETER
BESKM,BEWIH
BESKR,BEHSS
BESKU,BEBGS
BESKW,BEGNE
BESLA,BEMES
BESLH,BESHM
BESLI,BELES
BESLJ,BEBIR
BESLK,BEHSS
BESLO,BENAM
BESLS,BECHM
BESLW,BEBRU
BESLY,BEAND
BESMA,BEVIR
BESMB,BEDBK
BESMC,BENAM
BESME,BEBGS
BESMM,BELAN
BESMR,BESLU
BESNA,BESNK
BESNE,BEDDR
BESOB,BESVH
BESOB,BEVIT
BESOG,BEMOM
BESOI,BEWHT
BESOM,BENAM
BESON,BEPEP
BESOR,BEMIK
BESOV,BEGRB
BESOY,BEEEZ
BESPH,BEARL
BESPK,BEHEN
BESPO,BEBRU
BESPS,BEMQS
BESPV,BEVOE
BESRA,BEGHI
BESRB,BEZAV
BESRE,BECCS
BESRI,BEMAK
BESRN,BENAM
BESRY,BECHM
BESSA,BEFAV
BESSB,BEREQ
BESSI,BENAM
BESSK,BEGIS
BESSN,BELGG
BESSU,BEBUO
BESSY,BEMQS
BESTB,BELLO
BESTE,BEBEA
BESTI,BENAM
BESTM,BEVER
BESTN,BESYR
BESTP,BESGW
BESTR,BEVLI
BESTS,BETBZ
BESTV,BEWIK
BESTW,BEZAV
BESUA,BENAM
BESUZ,BENAM
BESVE,BEAVR
BESVI,BENAM
BESVN,BELML
BESVO,BEGEA
BESVR,BEHSS
BESWL,BENAM
BESWN,BEBLZ
BESXY,BECBF
BESYE,BETLO
BESYP,BEMIK
BESYR,BEWHT
BESZE,BEWCO
BESZI,BENAM
BETBZ,BEWBR
BETCI,BEWCO
BETDK,BEGNE
BETES,BEVLI
BETET,BEGHI
BETEU,BEVOE
BETFN,BEAFF
BETGL,BEBRE
BETHE,BEROU
BETHG,BEHUY
BETHI,BENIV
BETHL,BEHNS
BETHO,BEBGU
BETHS,BEAND
BETHT,BEPWE
BETHU,BEWHT
BETHY,BEWCO
BETIG,BEAZM
BETIL,BETSE
BETIS,BEWLB
BETLA,BELHT
BETLF,BEESX
BETLK,BEHAC
BETLR,BESNO
BETLS,BEHFA
BETLY,BEVLV
BETMA,BEWHT
BETMS,BESAV
BETND,BECHI
BETNO,BEWHT
BETOH,BEDUY
BETON,BEVLI
BETPU,BETNO
BETPU,BETRN
BETPX,BENAM
BETRE,BECBF
BETRG,BEPWE
BETRI,BEBRS
BETRN,BEWHT
BETSI,BESOI
BETST,BETCL
BETTI,BERMS
BETTL,BETWI
BETTT,BESPU
BETUG,BETNO
BETUG,BETRN
BETUL,BETHU
BETUP,BELHT
BETVI,BEAIS
BETVY,BEHFA
BETYS,BENAM
BETZI,BECCS
BEUCI,BEBUO
BEUKE,BEBRU
BEUKO,BEMMN
BEULB,BEWEL
BEVAT,BEAIS
BEVBE,BEOHE
BEVBG,BEGRB
BEVBK,BEBWS
BEVCE,BEETL
BEVDI,BENAM
BEVDM,BEZED
BEVEA,BESAV
BEVEL,BELDA
BEVEL,BEYZO
BEVGA,BEGNA
BEVGL,BEITR
BEVHN,BERIS
BEVIC,BEAZM
BEVIV,BEOPY
BEVIY,BEBUO
BEVLD,BEBRM
BEVLI,BEJPE
BEVLL,BEGMA
BEVLM,BESTR
BEVLO,BEGHI
BEVLV,BEWBR
BEVLX,BECHM
BEVMA,BEKTM
BEVME,BEIPR
BEVMI,BEIPR
BEVMO,BEKTM
BEVMT,BEWAN
BEVNO,BEATH
BEVOE,BEVLI
BEVOS,BEBRU
BEVPO,BEABC
BEVRD,BELDA
BEVRD,BEYZO
BEVRE,BECHM
BEVRO,BENAM
BEVSA,BEATH
BEVSC,BECFO
BEVSE,BEDHA
BEVSG,BEDUY
BEVSH,BEROU
BEVSI,BEMQS
BEVSL,BEZAN
BEVSN,BEBWS
BEVSO,BENAM
BEVSS,BEJPE
BEVTM,BEHRS
BEVVI,BEPCL
BEVVO,BEFRI
BEVWZ,BELAN
BEVZB,BESPL
BEVZB,BESPT
BEVZI,BEAND
BEVZO,BETNO
BEVZO,BETRN
BEW5R,BEFMA
BEWAB,BEBLC
BEWAH,BESIY
BEWAK,BEDTE
BEWAL,BEWBR
BEWAM,BEAVL
BEWAY,BEGNA
BEWBK,BETER
BEWBQ,BELES
BEWBR,BELAS
BEWBU,BEFLE
BEWBV,BEBRU
BEWCE,BERBA
BEWCG,BEPCQ
BEWCO,BENAM
BEWDE,BEBCI
BEWDG,BEGNE
BEWDM,BEOKP
BEWDN,BESTR
BEWED,BERVS
BEWEK,BEMIK
BEWEL,BEVLI
BEWEN,BELAD
BEWGE,BEFLE
BEWGH,BEJPE
BEWGL,BELEU
BEWHA,BEWBR
BEWHI,BETNO
BEWHI,BETRN
BEWHO,BELAD
BEWHR,BELTZ
BEWHT,BEQVY
BEWIB,BEHFA
BEWID,BENAM
BEWIL,BEANR
BEWIP,BENAM
BEWIR,BEPWZ
BEWIS,BEBUR
BEWKE,BEGEA
BEWKN,BEKTK
BEWLI,BEWHT
BEWLM,BEECH
BEWLN,BENAM
BEWLP,BEKKS
BEWLT,BENAM
BEWMA,BETNO
BEWMA,BETRN
BEWME,BEMAL
BEWMO,BELAD
BEWNA,BEANH
BEWND,BELGG
BEWNI,BENAM
BEWNZ,BEPEP
BEWOM,BEWPE
BEWOR,BEHOO
BEWOU,BESLU
BEWOV,BEMIS
BEWPL,BEHAC
BEWPU,BELHT
BEWRD,BEZET
BEWRO,BEKNA
BEWSA,BEDAL
BEWSE,BELAD
BEWSG,BEGNK
BEWSK,BEKHI
BEWSL,BELEU
BEWSM,BEWET
BEWST,BESTD
BEWSU,BEHVL
BEWTE,BEMIK
BEWTH,BEBON
BEWTI,BEHSS
BEWTL,BEMSK
BEWTO,BEKTM
BEWTU,BEPOP
BEWUB,BEPWZ
BEWUV,BEHVL
BEWVI,BESLU
BEWVO,BEHPG
BEWVR,BEWBR
BEWYT,BEHVL
BEWZE,BERBA
BEWZL,BEMLO
BEXDA,BEANS
BEXDE,BEHRV
BEXHO,BEFRE
BEXLO,BELRI
BEYRT,BEFMA
BEYVO,BENAM
BEZBR,BEGEA
BEZEE,BEBGS
BEZEM,BEHLA
BEZHV,BEVLI
BEZIB,BEIPR
BEZIC,BESPU
BEZLL,BEAES
BEZOD,BEHZO
BEZRN,BEKTK
BEZSO,BEIPR
BEZTL,BEVLI
BEZUN,BESPL
BEZUN,BESPT
BEZVD,BEOST
BEZVT,BEANR
BEZWN,BEGNE
BSGHB,BSELE
CAACT,CAOON
CAANC,CAHAM
CABLT,CACDA
CABPT,CAQUE
CACHI,CASAG
CACHN,CAMIR
CACLM,CAPCK
CACME,CATRR
CACSC,CAMTR
CADUD,CAHAM
CAETC,CATOR
CAFVL,CALAV
CAFWL,CATHU
CAKAN,CAOTT
CAKBG,CAVGN
CALAW,CAMIS
CANCT,CAMIR
CANMI,CAMIR
CANPN,CAOTT
CAPCP,CAYTS
CAPDV,CANKF
CAPIE,CAMTR
CAPOA,CATHU
CAPXT,CAMTR
CAROF,CASBR
CARRQ,CALAV
CASFO,CAQUE
CASIC,CANKF
CASJC,CALEV
CASTC,CAHAM
CASYQ,CAQUE
CAVAE,CAQUE
CAVNR,CAOTT
CAVRG,CANOL
CAWDB,CAVGN
CAYAE,CAYWS
CAYBG,CASAG
CAYOW,CAOTT
CAYQB,CAQUE
CAYTO,CAMIS
CAYTO,CATOR
CAYUL,CADOR
CAYWG,CAWNP
CAYYC,CACAL
CHATR,CHTHL
CHBBS,CHATT
CHBBS,CHMUT
CHEFF,CHILL
CLAYA,CLWCH
CLCCO,CLCLN
CLCMP,CLYUN
CLELP,CLMTP
CLESR,CLDDA
CLLQN,CLPEO
CLPLE,CLMAL
CNAID,CNCGZ
CNALI,CNFOS
CNANN,CNKNM
CNANQ,CNWEF
CNANT,CNSGH
CNBIJ,CNFOS
CNBJD,CNBJS
CNBJS,CNLFZ
CNBJX,CNBJS
CNCAN,CNGGZ
CNCCH,CNNBO
CNCDU,CNCTU
CNCDZ,CNCTU
CNCGI,CNHKO
CNCGQ,CNCGC
CNCIX,CNNBO
CNCJG,CNSGH
CNCNI,CNDAL
CNCNX,CNYJI
CNCPI,CNDGG
CNCUM,CNYUH
CNCYH,CNSTG
CNDAA,CNYNZ
CNDGN,CNDDG
CNDGT,CNYNZ
CNDLN,CNDGG
CNDNH,CNJUQ
CNDNY,CNZHE
CNDNZ,CNFOS
CNDON,CNMDG
CNDYI,CNYIZ
CNEBA,CNWHI
CNFEN,CNDGG
CNFGX,CNSGH
CNFOC,CNFZH
CNFUJ,CNJMS
CNFUO,CNFOS
CNFUY,CNJMS
CNGFU,CNMEZ
CNGIS,CNZUH
CNGPG,CNGUG
CNGXI,CNYGT
CNGYU,CNYZH
CNGZE,CNZSN
CNGZG,CNGGZ
CNHAA,CNNTG
CNHAG,CNASN
CNHAK,CNHKO
CNHAS,CNLBI
CNHBZ,CNHRN
CNHFE,CNHFI
CNHGH,CNHAZ
CNHGQ,CNZUH
CNHIN,CNJAX
CNHLN,CNHSC
CNHNK,CNNHN
CNHOH,CNJGZ
CNHOM,CNLFG
CNHOU,CNDGG
CNHUH,CNCZZ
CNHUS,CNWXS
CNHUY,CNAQG
CNJES,CNLFN
CNJHG,CNJOG
CNJIJ,CNTZO
CNJIZ,CNLFN
CNJLI,CNJGZ
CNJQI,CNPDG
CNJRG,CNZHE
CNJUL,CNXZH
CNKAP,CNJMN
CNKHG,CNKSS
CNKHN,CNNCH
CNKMG,CNKNM
CNKNC,CNTGH
CNKUS,CNSZH
CNKWE,CNGYA
CNKWL,CNGUI
CNLAL,CNHEY
CNLBU,CNDGG
CNLCX,CNLYF
CNLDG,CNGGZ
CNLEZ,CNYUF
CNLFN,CNSWE
CNLGB,CNBSE
CNLGU,CNZJK
CNLHW,CNLAZ
CNLIC,CNJNA
CNLID,CNWEI
CNLIL,CNZZO
CNLIU,CNCSH
CNLIZ,CNQGY
CNLLF,CNYZS
CNLNH,CNTZO
CNLNI,CNLZH
CNLOZ,CNCGZ
CNLUI,CNBJS
CNLUO,CNYUF
CNLXI,CNJHA
CNLYD,CNYAT
CNLYN,CNHNY
CNMCH,CNDGG
CNMSN,CNHZH
CNMXZ,CNMEZ
CNNAS,CNQZL
CNNGB,CNNBO
CNNIA,CNMDG
CNNKG,CNNJI
CNNNG,CNNIN
CNNQO,CNFGX
CNNSH,CNSZX
CNNSN,CNLNC
CNNTU,CNZSN
CNPDG,CNSGH
CNPEK,CNBJS
CNPGM,CNBSE
CNPHU,CNJAX
CNPIS,CNHSC
CNPND,CNLPS
CNPNG,CNJYG
CNPQA,CNWEC
CNPSH,CNZUH
CNPVG,CNPDG
CNQDG,CNQIN
CNQGZ,CNWEF
CNQID,CNNTG
CNQTU,CNXNN
CNQUF,CNJII
CNQXI,CNDGG
CNQYA,CNWXS
CNRAG,CNJIU
CNRGC,CNJYG
CNRIA,CNWNZ
CNRSN,CNWEI
CNRUG,CNNTG
CNSAE,CNBJS
CNSDP,CNYIC
CNSDU,CNJMN
CNSFH,CNMDG
CNSGZ,CNSXG
CNSHA,CNSGH
CNSHE,CNSHY
CNSHG,CNSGH
CNSHH,CNQZL
CNSHK,CNNSH
CNSHL,CNCGZ
CNSHX,CNLFN
CNSHZ,CNSGH
CNSIA,CNXYA
CNSIH,CNZQG
CNSIK,CNMMI
CNSJQ,CNFOS
CNSNA,CNHSH
CNSNH,CNQZL
CNSNW,CNZSN
CNSOS,CNXTA
CNSSP,CNJMN
CNSUB,CNTIS
CNSWA,CNJYG
CNSYD,CNSHY
CNSYG,CNMAA
CNSZA,CNZUH
CNSZZ,CNSZX
CNTAO,CNQIN
CNTAX,CNTZO
CNTAZ,CNTZO
CNTGX,CNCOZ
CNTGZ,CNZZS
CNTIS,CNJMN
CNTJA,CNZHA
CNTNA,CNLIC
CNTOG,CNAQG
CNTOJ,CNJMS
CNTOX,CNCFS
CNTSN,CNTNJ
CNTXG,CNTNJ
CNTXN,CNHSH
CNTXZ,CNJAX
CNTYG,CNDGX
CNTYN,CNTYU
CNURC,CNURM
CNWAF,CNDAL
CNWEH,CNWEI
CNWEN,CNTZO
CNWHU,CNZHA
CNWIG,CNSGH
CNWUH,CNNHN
CNWUJ,CNMAA
CNWUX,CNWXS
CNWYS,CNNPS
CNXAB,CNCOZ
CNXAO,CNZSN
CNXCE,CNHUD
CNXEG,CNDGG
CNXGT,CNFOS
CNXHH,CNSWE
CNXID,CNCNG
CNXMG,CNXAM
CNXMN,CNXAM
CNXNJ,CNSJZ
CNXNQ,CNZQG
CNXNU,CNYGD
CNXUZ,CNXZH
CNXWI,CNQUI
CNYCE,CNDZS
CNYCN,CNYJI
CNYFU,CNGUI
CNYGD,CNQGY
CNYHG,CNJYG
CNYIH,CNYIC
CNYIU,CNJHA
CNYIZ,CNYZH
CNYLO,CNJGM
CNYNG,CNZHE
CNYNT,CNYAT
CNYOU,CNNBO
CNYOX,CNSMS
CNYTN,CNSZX
CNYUH,CNTZO
CNYXS,CNWXS
CNZCG,CNYIC
CNZCH,CNWEF
CNZGT,CNDGG
CNZGU,CNDGG
CNZHJ,CNSXG
CNZHZ,CNBDZ
CNZJG,CNSZH
CNZLN,CNGGZ
CNZOC,CNJII
CNZYI,CNZNY
CNZZG,CNKUS
DE225,DELSB
DE243,DELOF
DE244,DEOSO
DE252,DE73G
DE26T,DEHTJ
DE2AK,DES4G
DE2B6,DEGSO
DE2B7,DELQG
DE2DT,DEEHD
DE2WE,DEFRG
DE3B4,DEEID
DE3BX,DEAFE
DE3DV,DEFFI
DE4AB,DE74Q
DE4AD,DEPRK
DE4BD,DEPUB
DE4LR,DEGFF
DE5AY,DEKND
DE5RA,DEBFK
DE64V,DECUT
DE64Z,DETSA
DE6ED,DEHAG
DE73P,DELGM
DE74X,DEWDE
DE75E,DE75F
DE76U,DEMMD
DE78L,DEKIL
DE78P,DEUBW
DE78S,DEZFW
DE79C,DEGFN
DE7AL,DECML
DE83U,DESIM
DE96B,DERNR
DE9AC,DE9B8
DE9AP,DEKND
DE9B0,DESYA
DE9BD,DEMEG
DE9BE,DEPRK
DEA2L,DEHAM
DEAB7,DEZAX
DEABB,DECRE
DEABE,DEIGB
DEABF,DESTA
DEABL,DE73K
DEABO,DELTH
DEACB,DESGE
DEADA,DE4FM
DEADI,DE74Q
DEAEB,DEPOT
DEAHS,DEONU
DEAIZ,DEGWA
DEAKL,DEBXS
DEAME,DETIZ
DEAML,DEMSR
DEAMR,DEBRM
DEANE,DEHEE
DEANH,DECHE
DEANY,DEDDT
DEASM,DERUE
DEASR,DEPOT
DEAZZ,DEHH2
DEB2O,DEZEM
DEB3H,DEKLD
DEB4P,DERDU
DEB4R,DEGAR
DEB62,DENH5
DEB88,DE75O
DEB9M,DEISB
DEBB8,DESKU
DEBBS,DEBCB
DEBC3,DEGZ3
DEBC9,DEHUR
DEBF2,DENBU
DEBGJ,DEHTQ
DEBGO,DEBON
DEBH3,DEQUE
DEBH7,DESFO
DEBHQ,DEHAM
DEBIJ,DEGGT
DEBJJ,DEKWI
DEBLC,DEWSK
DEBLM,DEBRE
DEBMS,DEBKR
DEBMZ,DEWAL
DEBNK,DEHAJ
DEBOE,DEBWU
DEBQK,DELKN
DEBRA,DE75S
DEBTA,DE74D
DEBTP,DEBW2
DEBUU,DEBWI
DEBVB,DEBLB
DEBWJ,DEKWN
DEBXS,DEBER
DEBYN,DEHLH
DECFR,DESCZ
DECPA,DENXN
DECRQ,DELRD
DECRW,DEODR
DECWA,DEBBT
DED9H,DEBKR
DEDEF,DEZOS
DEDFX,DEKOW
DEDGZ,DEPCH
DEDHJ,DESTQ
DEDHQ,DEBER
DEDMV,DEHVG
DEDUP,DEPEB
DEDWT,DEGZA
DEEED,DEVOG
DEEFU,DEKLT
DEEHV,DEBRV
DEEWL,DEAC2
DEEWZ,DEFDD
DEF7D,DEKIG
DEFA6,DEBLM
DEFAB,DEWOB
DEFAU,DEERL
DEFNH,DES2L
DEGBL,DEOLC
DEGEV,DECDG
DEGGE,DEPOT
DEGL6,DEAGM
DEGL7,DESUL
DEGNR,DEBON
DEGOK,DESFT
DEGOO,DEMF2
DEGSG,DEATR
DEGT8,DEGTO
DEGTU,DEMHC
DEGVV,DEEIN
DEGWC,DEWXW
DEGWT,DESYT
DEHAM,DEHTJ
DEHBU,DEHAM
DEHE5,DEBNR
DEHFR,DE75G
DEHGU,DEGDU
DEHHG,DES2L
DEHHV,DEHAM
DEHLG,DEHAG
DEHLW,DEWDQ
DEHM9,DEHER
DEHN3,DEMNI
DEHTJ,DEHAM
DEHTO,DEWOB
DEHU8,DEHAM
DEIBA,DEKOT
DEICH,DEWA8
DEIEP,DEIHO
DEIFA,DETFT
DEIGN,DEHAH
DEILU,DEINU
DEITH,DEKKR
DEIWR,DEHTJ
DEJNZ,DELBX
DEKAF,DEKAU
DEKCH,DEFBG
DEKDH,DEKND
DEKDU,DEKRE
DEKHI,DEFOG
DEKOF,DEWUN
DEKRN,DEEIB
DEKXD,DEUBE
DELAN,DELOX
DELAW,DEINU
DELBE,DELU2
DELCI,DENSN
DELDD,DEMSR
DELGG,DELDF
DELGP,DENGF
DELIN,DENOD
DELKI,DEBER
DELNG,DEGZ3
DELT3,DENAR
DELWR,DELUH
DEMAU,DERIV
DEMB3,DE2HU
DEMCA,DEDOE
DEMDD,DEMOB
DEMDF,DEBER
DEMHW,DEBFM
DEMIB,DEHAJ
DEMKL,DESDT
DEMMO,DECGN
DEMQT,DEPOT
DEMRU,DEHOJ
DEMSB,DEBRE
DEMSL,DEGTE
DEMUK,DESAS
DEMXI,DEFIB
DENDT,DENHO
DENEZ,DEMOB
DENHL,DECGN
DENHM,DERZA
DENO9,DECML
DENRE,DEZ3B
DENSC,DEJOR
DENUK,DEWDR
DEOAR,DESON
DEOB2,DEWI3
DEOLL,DEBBO
DEOLU,DEMMD
DEOMH,DEMRT
DEOML,DENH5
DEORS,DERHB
DEOSR,DEBRB
DEOTK,DEHAM
DEOWS,DESDT
DEP5D,DEOBU
DEPL2,DEEIN
DEPZI,DEZHF
DERDW,DEBER
DERGE,DEH8H
DERGK,DESCZ
DERIZ,DEBER
DERKD,DEBER
DERMT,DERUL
DERUB,DEBCB
DERW2,DEHAM
DERWS,DEWRN
DESC5,DEBER
DESES,DEWIB
DESFA,DEBF5
DESGC,DEDB2
DESGZ,DEBER
DESH7,DEZHY
DESJJ,DEMNE
DESMF,DESAD
DESPW,DESPX
DESSU,DEEID
DESTB,DEAIQ
DESTT,DEKIM
DESUE,DEDMG
DESZS,DEHAM
DET4A,DE2HU
DETBM,DEKHA
DETCH,DEMNE
DETE9,DEGS3
DETFO,DEBSZ
DETHF,DEBER
DETHO,DETBN
DETND,DEUDR
DETRV,DELBC
DETXL,DERKD
DETZH,DEWYA
DEUDD,DEHEL
DEUGZ,DEKHH
DEUOZ,DEPBZ
DEUUU,DEDB2
DEVEU,DES4G
DEVIU,DEGOS
DEVO2,DEVOG
DEVST,DEGWF
DEWA9,DENUQ
DEWAR,DERSK
DEWB2,DEWEU
DEWB2,DEWRC
DEWDF,DEMNI
DEWHP,DE3BU
DEWII,DEWIN
DEWM8,DELGM
DEWMJ,DEBER
DEWNB,DEBER
DEWUD,DEBRV
DEWWN,DEBGR
DEWWU,DESF8
DEXB4,DETRT
DEXFW,DEHTJ
DEXKR,DESRS
DEXSN,DEOEL
DEXYG,DEDG3
DEYWE,DEWLD
DEZBJ,DEJCW
DEZBR,DEDPW
DEZCW,DEBLI
DEZDA,DENRS
DEZEE,DEBLG
DEZFB,DE8BO
DEZHN,DEZHY
DEZJX,DEOVE
DEZLE,DEBER
DEZN9,DESOF
DEZNH,DEWTE
DEZOR,DEWLD
DEZSD,DE75O
DEZSM,DENH5
DZSKI,DZSKK
EGAKI,EGALY
ES5BS,ESCL6
ES9BJ,ESCL6
ESAAR,ESCL6
ESABE,ESCL6
ESACA,ESCL6
ESAGG,ESCL6
ESAGR,ESCL6
ESAGW,ESCL6
ESAME,ESCL6
ESAMS,ESAFE
ESAVA,ESCL6
ESAXO,ESZCG
ESBAD,ESCL6
ESBAL,ESCL6
ESBCN,ESCL6
ESBGA,ESCL6
ESBGS,ESCL6
ESBLR,ESCL6
ESBN2,ESCL6
ESBNL,ESCL6
ESBON,ESCL6
ESBOT,ESCL6
ESBPU,ESCL6
ESBRD,ESCL6
ESBRY,ESCL6
ESBSU,ESCL6
ESBTE,ESCL6
ESBYO,ESBNL
ESCAX,ESCL6
ESCBI,ESCL6
ESCBL,ESCL6
ESCBM,ESCL6
ESCES,ESCL6
ESCFE,ESCL6
ESCGE,ESCL6
ESCGI,ESCL6
ESCGT,ESCL6
ESCLI,ESCL6
ESCLL,ESCL6
ESCLR,ESCL6
ESCRD,ESCL6
ESCRV,ESCL6
ESCSM,ESCL6
ESCTD,ESCL6
ESCTN,ESCL6
ESCUB,ESCL6
ESCXY,ESCL6
ESDEL,ESCL6
ESDHO,ESCL6
ESDJD,ESCL6
ESDON,ESCL6
ESDRE,ESCL6
ESELL,ESCL6
ESEMN,ESCL6
ESEOG,ESCL6
ESEPS,ESCL6
ESERG,ESCL6
ESFKU,ESCL6
ESFOR,ESCL6
ESFQV,ESCL6
ESFST,ESCL6
ESGGA,ESCL6
ESGGJ,ESCL6
ESGIR,ESCL6
ESGRB,ESCL6
ESGRL,ESCL6
ESGRO,ESCL6
ESGTP,ESCL6
ESHDL,ESCL6
ESIGL,ESCL6
ESJRB,ESCL6
ESJUN,ESCL6
ESLA9,ESCL6
ESLAQ,ESCL6
ESLEL,ESCL6
ESLG4,ESCL6
ESLIX,ESCL6
ESLLG,ESCL6
ESLLO,ESCL6
ESLPR,ESCL6
ESLS7,ESCL6
ESLSS,ESCL6
ESMBB,ESCL6
ESMDE,ESCL6
ESML8,ESCL6
ESMLR,ESCL6
ESMLV,ESCL6
ESMMA,ESCL6
ESMMP,ESCL6
ESMNL,ESCL6
ESMOE,ESCL6
ESMRP,ESCL6
ESMSG,ESCL6
ESMSQ,ESCL6
ESMTC,ESCL6
ESMTG,ESCL6
ESMTO,ESCL6
ESN8T,ESCL6
ESNES,ESCL6
ESNET,ESCL6
ESNIT,ESCL6
ESNYS,ESCL6
ESODS,ESCL6
ESOLD,ESCL6
ESOLI,ESCL6
ESOLS,ESCL6
ESOLX,ESCL6
ESOMI,ESCL6
ESOOP,ESCL6
ESORB,ESCL6
ESOVL,ESCL6
ESPAL,ESCL6
ESPFA,ESCL6
ESPFL,ESCL6
ESPIR,ESCL6
ESPLS,ESCL6
ESPOS,ESCL6
ESPRF,ESCL6
ESPTJ,ESCL6
ESRA5,ESCL6
ESRAJ,ESCL6
ESRBE,ESCL6
ESRDC,ESCL6
ESRIU,ESCL6
ESRLS,ESCL6
ESRPL,ESCL6
ESRUS,ESCL6
ESRVW,ESCL6
ESSAU,ESCL6
ESSBL,ESCL6
ESSBP,ESCL6
ESSCF,ESCL6
ESSCO,ESCL6
ESSFC,ESCL6
ESSFL,ESCL6
ESSIS,ESCL6
ESSJI,ESCL6
ESSJO,ESCL6
ESSLE,ESCL6
ESSLO,ESCL6
ESSLT,ESCL6
ESSOA,ESCL6
ESSPM,ESCL6
ESSPR,ESCL6
ESSSA,ESCL6
ESSTS,ESCL6
ESSVC,ESCL6
ESSWA,ESCL6
ESTCU,ESCL6
ESTEJ,ESCL6
ESTFA,ESCL6
ESTG2,ESCL6
ESTN6,ESCL6
ESTON,ESCL6
ESTOO,ESCL6
ESTT2,ESCL6
ESTYM,ESCL6
ESTYR,ESCL6
ESUL9,ESCL6
ESULA,ESCL6
ESUNY,ESCL6
ESVBG,ESCL6
ESVBV,ESCL6
ESVBX,ESCL6
ESVIC,ESCL6
ESVL9,ESCL6
ESVMA,ESCL6
ESVNT,ESCL6
ESVNX,ESCL6
ESVOL,ESCL6
ESVRR,ESCL6
ESVTT,ESCL6
ESXC2,ESCL6
ESXML,ESCL6
ESZBV,ESCL6
ESZBY,ESCL6
ESZDD,ESCL6
ESZDL,ESCL6
ESZEB,ESCL6
ESZEO,ESCL6
ESZFD,ESCL6
ESZFT,ESCL6
ESZGT,ESCL6
ESZHK,ESCL6
ESZIS,ESCL6
ESZIX,ESCL6
ESZJN,ESHVC
ESZJP,ESCL6
ESZKW,ESCL6
ESZLN,ESCL6
ESZLS,ESCL6
ESZMC,ESCL6
ESZMT,ESCL6
FIANJ,FIKVO
FISKV,FIPRV
FISLI,FIAAN
FIVSS,FIHEL
FRJLP,FRANT
FRSLA,FRANE
GBABN,GBNHP
GBASE,GBDXY
GBCEY,GBOXF
GBCOS,GBPME
GBDAG,GBLON
GBDVQ,GBHRW
GBGHA,GBMEE
GBGSS,GBLIV
GBHOZ,GBCEG
GBHRH,GBSDL
GBHRR,GBWOR
GBMBO,GBWCI
GBMBR,GBSBR
GBNEB,GBCES
GBNYL,GBPEN
GBSEN,GBRFD
GBSPK,GBLIV
GBTSR,GBWCI
GBUPT,GBSLO
GBWFV,GBNHP
GBWH9,GBWIF
GQBSG,GQRMN
GQMON,GQRMN
GRKIO,GRSIK
GTSNJ,GTESC
GUAPR,GUGUM
GUDED,GUGUM
GUHGT,GUGUM
HKABD,HKHKG
HKALC,HKHKG
HKLAM,HKHKG
HKTOL,HKHKG
HKVIC,HKHKG
HKYUE,HKHKG
HKZTW,HKHKG
HNCFR,HNSAP
HNNOC,HNHAF
HRSVK,HRSLN
HUKEL,RSSUB
HURAB,HUSZG
HUROS,HUSZS
IDBTJ,IDOLO
IDKAT,IDSUP
IDMSI,IDSUP
IDMUB,IDJKT
IDTPP,IDJKT
ILABB,ILHFA
ILCAE,ILHFA
ILHAD,ILHFA
ILKIY,ILHFA
ILKMO,ILHFA
ILNHR,ILHFA
ILTCL,ILHFA
ILUMM,ILHFA
ILYTD,ILHFA
INARI,INTAM
INBWN,INTHN
INCDL,INTAM
INCJB,INTAM
INCNR,INTAM
INCOL,INTAM
INCPU,INTAM
INDIL,INTAM
INDPI,INTAM
INDPM,INTAM
INDSK,INTAM
INERO,INTAM
INIXM,INTAM
INKAR,INTAM
INKAT,INTAM
INKBM,INTAM
INKCP,INTAM
INKKM,INTAM
INKLE,INPVL
INKPL,INPVL
INKYD,INMAA
INMAA,INTAM
INMDT,INTAM
INMTT,INTAM
INMYD,INTAM
INNGC,INTAM
INNPT,INTAM
INNSA,INBOM
INNVY,INTAM
INPBR,INTAM
INPKN,INTAM
INPLD,INAMD
INPOL,INTAM
INPRN,INTAM
INPUK,INTAM
INPUL,INTAM
INRYP,INTAM
INSAD,INHYD
INSHR,INTAM
INSRP,INTAM
INSVK,INTAM
INSXV,INTAM
INTJV,INTAM
INTMP,INBOM
INTNN,INTAM
INTPH,INTAM
INTRI,INTAM
INTRL,INTAM
INTUP,INTAM
INTUT,INTAM
INTVI,INTAM
INTYR,INTAM
INVPT,INTAM
INYCD,INTAM
IRSEM,IRSHA
IT2A5,ITBHR
IT2AB,ITOBT
IT2BO,ITSCA
IT2CA,ITRAN
IT2CN,ITT7B
IT2CR,ITRVL
IT2DR,ITZTU
IT2FH,ITPCA
IT2LE,ITGTR
IT2OC,ITSBT
IT2OE,ITBBB
IT2PE,ITPMF
IT2PI,ITZUX
IT2TT,ITNO6
IT3SB,ITSBF
IT3YZ,ITPMF
IT5CP,ITBVT
IT5FN,ITBLU
IT5ZZ,ITCLZ
IT65A,ITZKV
IT6MS,ITGRS
IT940,ITCEY
IT9CO,ITCFN
IT9PO,ITZSU
IT9VA,ITBBZ
ITAAT,IT6CM
ITABA,ITOMO
ITACM,ITAPA
ITACM,ITZLU
ITACP,ITNRA
ITACS,ITSLT
ITACT,ITACL
ITADG,ITSLX
ITADP,ITZQF
ITAEO,ITPAJ
ITAG2,ITSGT
ITAGK,ITAHO
ITAIC,ITCRV
ITAIS,ITLNI
ITAL4,ITORV
ITALD,ITMSP
ITALI,ITLIP
ITALN,ITFSL
ITALP,ITERM
ITAMD,ITTRE
ITAME,ITSLT
ITAMM,ITAUA
ITANM,ITSZE
ITAOE,ITNVR
ITAPE,ITCBZ
ITAPR,ITCRX
ITAQU,ITTRS
ITAQV,ITMPC
ITAS3,ITBHA
ITASC,ITSZE
ITASN,ITLON
ITATA,ITTGA
ITATI,ITRMO
ITATT,ITSLT
ITATX,ITTTB
ITAUS,ITDAA
ITAUT,ITSBG
ITAVN,ITCRA
ITB22,ITSRT
ITB2M,ITLTN
ITB8C,ITCDR
ITBAC,ITAOI
ITBAD,ITCMD
ITBAG,ITRNE
ITBAI,ITBCI
ITBAJ,ITME7
ITBAP,ITCTV
ITBAV,ITTIV
ITBAZ,ITLAQ
ITBBE,ITVPC
ITBBN,ITSDO
ITBBU,ITB52
ITBCD,ITROD
ITBCG,ITMAY
ITBCN,ITHRG
ITBCQ,ITBIB
ITBD5,ITCGG
ITBDF,ITFVO
ITBDN,ITMOA
ITBDO,ITSUD
ITBDR,ITSEG
ITBDT,ITTSB
ITBES,ITLOR
ITBET,ITELO
ITBFR,ITSOA
ITBGD,ITGSU
ITBGG,ITMOD
ITBH9,ITTOH
ITBHI,ITGNE
ITBIG,ITVLV
ITBIS,ITSCC
ITBLA,ITBIM
ITBLC,ITFAO
ITBLN,ITNAP
ITBLZ,ITGOA
ITBME,ITXMS
ITBMM,ITMAU
ITBOF,ITBUZ
ITBOR,ITREV
ITBPG,ITBLQ
ITBPR,ITENL
ITBPZ,ITAPO
ITBRC,ITMCH
ITBSA,ITLTN
ITBSE,ITSPF
ITBSR,ITLTN
ITBT2,ITSNL
ITBTA,ITRVN
ITBTE,ITBVI
ITBUR,ITBCZ
ITBV6,ITSLT
ITBVR,ITVEN
ITBZB,ITAJA
ITBZL,ITPE4
ITBZN,ITVGQ
ITBZR,ITMRH
ITBZU,ITMIL
ITC2H,ITMPE
ITC2P,ITSGR
ITC6P,ITPEG
ITC8C,ITBRI
ITCA2,ITCAU
ITCA2,ITCEE
ITCAZ,ITUBT
ITCBA,ITCDC
ITCBI,ITBNR
ITCBN,ITTZO
ITCBV,ITVBR
ITCC6,ITLBA
ITCC8,ITMFT
ITCCB,ITVSU
ITCCC,ITABL
ITCCE,ITBIN
ITCCF,ITICF
ITCD4,ITORV
ITCDA,ITASO
ITCDG,ITPES
ITCDO,ITOPP
ITCDP,ITPOE
ITCDU,ITSUP
ITCDV,ITVOR
ITCDY,ITRNE
ITCDZ,ITZQP
ITCEL,ITRNE
ITCFC,ITRTI
ITCFL,ITAGT
ITCFM,ITMNR
ITCG9,ITCDL
ITCGH,ITZMU
ITCGM,ITMRG
ITCHA,ITBIE
ITCIA,ITAMC
ITCID,ITVRN
ITCIQ,ITAOI
ITCIZ,ITVDN
ITCL2,ITIEO
ITCLI,ITBMU
ITCLR,ITVGQ
ITCLX,ITSIZ
ITCM9,ITLVM
ITCMC,ITVGT
ITCMF,ITLA6
ITCMM,ITPAO
ITCMP,ITSLT
ITCNJ,ITLSS
ITCNU,ITCMU
ITCO4,ITRNE
ITCO5,ITVDN
ITCOE,ITGCN
ITCOR,ITPMF
ITCOZ,ITONZ
ITCP4,ITFSL
ITCPF,ITFER
ITCPJ,ITLAQ
ITCPO,ITVGQ
ITCPV,ITAPA
ITCPZ,ITKMR
ITCQA,ITZPM
ITCQN,ITZPG
ITCQR,ITIDO
ITCR4,ITARI
ITCR8,ITPIN
ITCRD,ITPDA
ITCRG,ITSFR
ITCRW,ITKMR
ITCSI,ITFMG
ITCSL,ITAIV
ITCTL,ITFVO
ITCTL,ITNCO
ITCTM,ITRSA
ITCTW,ITISV
ITCUL,ITOMG
ITCVK,ITGVN
ITCXB,ITBLI
ITCXE,ITVCE
ITCXS,ITALL
ITCXT,ITPOQ
ITCZB,ITVEE
ITCZG,ITGRM
ITCZP,ITPIG
ITCZX,ITACL
ITD8D,ITBSL
ITDAM,ITGOA
ITDAS,ITASL
ITDAT,ITMEG
ITDBS,ITCAD
ITDDC,ITCEZ
ITDDO,ITORN
ITDGL,ITXAV
ITDIC,ITSMV
ITDNO,ITDAA
ITDOO,ITTDE
ITDOS,ITPAF
ITDRA,ITRAN
ITDSO,ITVDV
ITDSS,ITAIR
ITDVX,ITZGG
ITEA9,ITQUA
ITEAG,ITIVG
ITEBA,ITLLV
ITECA,ITMMG
ITECO,ITTCO
ITEEE,ITGRS
ITEFA,ITSLT
ITELE,ITMDZ
ITELL,ITPPY
ITELL,ITZRX
ITELV,ITCLG
ITEMA,ITCXM
ITEMO,ITFBR
ITERE,ITM8V
ITETT,ITALE
ITEVI,ITTGN
ITEZE,ITGZV
ITEZZ,ITEAZ
ITFA9,ITIAP
ITFAB,ITORV
ITFB2,ITOSC
ITFBN,ITMPO
ITFCN,ITZSY
ITFCV,ITICH
ITFDB,ITZDC
ITFEG,ITGOA
ITFEL,ITROZ
ITFET,ITMR4
ITFFF,ITPRP
ITFFR,ITCMO
ITFGA,ITMAN
ITFGE,ITFCO
ITFGO,ITGRI
ITFGR,ITOBT
ITFIZ,ITPVM
ITFLA,ITZVZ
ITFLL,ITTSN
ITFLZ,ITBRC
ITFOI,ITMAR
ITFOO,ITPMF
ITFOR,ITFAV
ITFPO,ITLIP
ITFRI,ITETO
ITFRM,ITSBU
ITFSA,ITVCE
ITFSD,ITCR3
ITFST,ITMOD
ITFTL,ITSLT
ITFUK,ITOSC
ITFUN,ITARL
ITFUO,ITSAL
ITFVD,ITFG2
ITFVG,ITDGG
ITFZE,ITVSD
ITFZI,ITRAN
ITFZL,ITVEL
ITG3G,ITPGR
ITGAO,ITREG
ITGAX,ITSNY
ITGAZ,ITGA8
ITGBB,ITTRD
ITGBR,ITMIA
ITGBZ,ITVOL
ITGCI,ITGRS
ITGCS,ITZQJ
ITGCT,ITSLT
ITGCZ,ITVDN
ITGDD,ITGNV
ITGDO,ITTRT
ITGEI,ITLSM
ITGEO,ITSGT
ITGER,ITPCZ
ITGGA,ITPOD
ITGGR,ITGNV
ITGGX,ITCSM
ITGHE,ITVCE
ITGII,ITIDG
ITGLA,ITPOG
ITGLD,ITVNL
ITGMN,ITSLT
ITGNS,ITTRS
ITGO3,ITGRS
ITGOK,ITPMF
ITGOR,ITLIV
ITGOS,ITLIP
ITGPR,ITIDG
ITGRV,ITAVC
ITGSN,ITBRL
ITGSV,ITRMO
ITGTO,ITMOD
ITGUM,ITMAY
ITGUT,ITCOI
ITGZQ,ITSAA
ITHMF,ITPPR
ITIAG,ITGRI
ITIAN,ITAPO
ITIBL,ITDRI
ITIBO,ITBVG
ITICA,ITPOM
ITICM,ITMUS
ITICS,ITZKV
ITIDQ,ITTLL
ITIGI,ITSNY
ITIGP,ITUSS
ITIIA,ITLCV
ITIOQ,IT6TR
ITIRR,ITMLC
ITISB,ITSIR
ITISL,ITARA
ITISN,ITPTO
ITISO,ITORN
ITISS,ITVTT
ITITI,ITDAA
ITITP,ITRHO
ITITT,ITGLT
ITITV,ITRDG
ITIVA,ITFG2
ITIVD,ITCCP
ITIVM,ITMRG
ITIVV,ITLVG
ITKDF,ITFMG
ITL9V,ITSUD
ITLA6,ITBSL
ITLAR,ITPPP
ITLDC,ITCOM
ITLDE,ITCCJ
ITLDL,ITZMK
ITLDS,ITOLR
ITLEG,ITMOD
ITLEU,ITCEJ
ITLEV,ITFAV
ITLGO,ITVOR
ITLGZ,ITPRW
ITLID,ITGZG
ITLIM,ITPLO
ITLIN,ITPSB
ITLIN,ITSGE
ITLKT,ITMAY
ITLL7,ITFTA
ITLL8,ITSON
ITLL9,ITZWD
ITLLA,ITLGE
ITLLI,ITPCC
ITLLT,ITZAX
ITLMM,ITMAY
ITLNA,ITRHO
ITLO3,ITLCO
ITLRI,ITLSD
ITLRS,ITMTS
ITLRV,ITTRO
ITLSA,ITFCM
ITLTG,ITBRE
ITLTH,ITVEU
ITLTO,ITRRE
ITLUG,ITGRZ
ITLUR,ITZMO
ITLUZ,ITPDU
ITLV4,ITPIO
ITLV8,ITPPV
ITLVA,ITSZZ
ITLVN,ITMVH
ITLVN,ITUNE
ITLZO,ITICE
ITM2R,ITRGA
ITM9A,ITGO2
ITMAE,ITTLO
ITMAG,ITVAR
ITMAH,ITGIN
ITMBB,ITORV
ITMBF,ITTDE
ITMBL,ITPVO
ITMCF,ITSRG
ITMCI,ITZEY
ITMCL,ITPPX
ITMCU,ITCAU
ITMCV,ITZMU
ITMD3,ITLED
ITMDB,ITBRC
ITMDB,ITGSS
ITMDB,ITRDE
ITMDC,ITCRA
ITMDD,ITCUN
ITMDL,ITFSS
ITMDM,ITMMA
ITMDN,ITOHB
ITMDS,ITSRG
ITMDT,ITASP
ITME2,ITMRS
ITMET,ITVCE
ITMGC,ITIMT
ITMGE,ITPRJ
ITMGR,ITFMG
ITMHE,ITPP9
ITMIB,ITZMU
ITMIC,ITBMZ
ITMIE,ITAI7
ITMIM,ITMSN
ITMIZ,ITIAO
ITMJC,ITCTU
ITML3,ITVCA
ITML4,ITRBD
ITMLB,ITMLU
ITMLD,ITPON
ITMLF,ITMEI
ITMLM,ITMLO
ITMM6,ITMOD
ITMMO,ITFAV
ITMMR,ITIAO
ITMNC,ITCGG
ITMND,ITPMO
ITMNG,ITCRB
ITMNH,ITPOZ
ITMNL,ITRNE
ITMNU,ITCYX
ITMOB,ITBGN
ITMOW,ITT7B
ITMPA,ITPSA
ITMPT,ITVGQ
ITMQC,ITGZV
ITMRE,ITASR
ITMRL,ITLJB
ITMRP,ITLLV
ITMRQ,ITPMF
ITMS2,ITZUY
ITMSD,ITGRS
ITMST,ITZPW
ITMT9,ITPVO
ITMTK,ITQCL
ITMTV,ITCEV
ITMTX,ITCEZ
ITMUN,ITPEG
ITMUT,ITGOA
ITMVD,ITMVH
ITMVD,ITUNE
ITMVX,ITVRN
ITMW3,ITRAN
ITMXP,ITFEN
ITMXP,ITSMB
ITMZ6,ITVRN
ITMZM,ITRHO
ITMZR,ITBUD
ITNAA,ITURB
ITNAR,ITSLT
ITNAS,ITTVL
ITNCT,ITLCC
ITNDL,ITICF
ITNDS,ITRN2
ITNEL,ITPEE
ITNEN,ITMOD
ITNEO,ITCUN
ITNET,ITLIP
ITNGB,ITBLB
ITNGC,ITADD
ITNGT,ITSGE
ITNIA,ITIAP
ITNIC,ITPNR
ITNIG,ITAZC
ITNIS,ITNAR
ITNIV,ITRGR
ITNMO,ITFRR
ITNMT,ITNAR
ITNNE,ITDGI
ITNNZ,ITORV
ITNPO,ITARA
ITNQZ,ITVRN
ITNRA,ITSLT
ITNSY,ITENT
ITNVI,ITSPI
ITNVK,ITCCN
ITNVO,ITDBN
ITNZB,ITVTN
ITNZE,ITZRP
ITNZN,ITRZA
ITOAA,ITDVA
ITOAB,ITGOQ
ITOAT,ITPIS
ITODP,ITTOH
ITODX,ITTLO
ITOGN,ITSIR
ITOHN,ITFZN
ITOLA,ITFDZ
ITOLA,ITNCO
ITOLA,ITZBQ
ITOLS,ITMNZ
ITOMI,ITQUA
ITOMM,ITMOO
ITONE,ITIMP
ITONN,ITSTF
ITONR,ITTOM
ITOPO,ITBAS
ITOR2,ITGDU
ITOR4,ITPPB
ITORC,ITZOP
ITORD,ITV5F
ITORL,ITSFL
ITOST,ITCPT
ITOTB,ITPMN
ITOTE,ITMOY
ITOTR,ITCCH
ITOVG,ITVCI
ITOZG,ITMIA
ITOZI,ITACR
ITP2Z,ITELT
ITP3D,ITIOC
ITP3G,ITIMQ
ITP6D,ITPPG
ITP8T,ITLSN
ITPA6,ITIFC
ITPAE,ITSMI
ITPAM,ITLCV
ITPAN,ITLIP
ITPBA,ITROM
ITPBN,ITRDN
ITPBR,ITBBV
ITPC6,ITPMF
ITPCE,ITAZC
ITPCG,ITZLL
ITPCN,ITAHO
ITPCO,ITPDU
ITPCS,ITRAN
ITPDI,ITISH
ITPDN,ITPMF
ITPDR,ITAVE
ITPDS,ITSDB
ITPE3,ITGVT
ITPE5,ITPES
ITPEL,ITREG
ITPEP,ITOIP
ITPEZ,ITCRB
ITPFC,ITPRP
ITPG2,ITTLA
ITPGA,ITCCJ
ITPGB,ITPT3
ITPGO,ITLSM
ITPGW,ITIFC
ITPHS,ITOMO
ITPIA,ITLLV
ITPIX,ITORR
ITPL2,ITCG3
ITPL3,ITSG8
ITPL7,ITPEG
ITPL8,ITZPM
ITPL9,ITQCL
ITPLD,ITFBO
ITPLM,ITPDD
ITPLP,ITPEG
ITPLQ,ITTLI
ITPLV,ITTVI
ITPM9,ITCFE
ITPMA,ITVCE
ITPMD,ITRNE
ITPMK,ITSOA
ITPMZ,ITIMP
ITPNG,ITSGG
ITPNT,ITSSM
ITPNX,ITFUC
ITPOA,ITVRN
ITPOB,ITFUC
ITPOI,ITVRN
ITPOP,ITSUS
ITPOT,ITFVO
ITPOT,ITNCO
ITPOT,ITPMF
ITPOV,ITDUV
ITPPA,ITMCA
ITPPF,ITMFI
ITPPI,ITTLA
ITPPM,ITPMF
ITPPS,ITZQU
ITPPZ,ITSNV
ITPRA,ITTVE
ITPRN,ITOIP
ITPSC,ITCEZ
ITPSG,ITPEG
ITPSM,ITBCA
ITPSN,ITCIE
ITPSZ,ITAST
ITPTD,ITGOA
ITPTM,ITZHP
ITPTV,ITBLP
ITPUC,ITAUG
ITPVT,ITPOQ
ITPVU,ITXSL
ITPVX,ITODZ
ITPXA,ITGSA
ITPZ2,ITGCN
ITPZ6,ITLAI
ITPZA,ITVEA
ITPZK,ITIEO
ITPZN,ITGSU
ITPZO,ITQGO
ITQDR,ITVDV
ITQEE,ITCEZ
ITQER,ITGUS
ITQLP,ITSAZ
ITQMM,ITZBX
ITQRC,ITSVZ
ITQZO,ITBRA
ITQZW,ITFTF
ITR3E,ITMAV
ITRAB,ITBGZ
ITRAM,ITSOR
ITRAT,ITZUW
ITRBN,ITGSA
ITRBZ,ITNGR
ITRCO,ITCO3
ITRCP,ITVAL
ITRD9,ITSOP
ITRDC,ITSGE
ITRDD,ITPMF
ITREA,ITVZ6
ITRES,IT8EO
ITREV,ITSLT
ITRFE,ITERB
ITRGF,ITVDV
ITRGL,ITMON
ITRHI,ITCAP
ITRI9,ITRMI
ITRIP,ITT7B
ITRIR,ITPOE
ITRIV,ITTTA
ITRKM,ITTOO
ITRLI,ITMAY
ITRLO,ITRMD
ITRMN,ITLOR
ITRN3,ITSLG
ITRNC,ITORM
ITRO7,ITTRT
ITROG,ITMIL
ITROR,ITCHE
ITROT,ITCTO
ITROV,ITDEX
ITRPB,ITZEW
ITRPP,ITSPT
ITRPR,ITPMF
ITRRG,ITCGG
ITRRI,ITMAY
ITRRN,ITROM
ITRRV,ITPMO
ITRSE,ITGRS
ITRSI,ITPNR
ITRTB,ITERT
ITRTD,ITMTD
ITRTN,ITMDI
ITRTS,ITNTE
ITRTT,ITZIO
ITRUG,ITCDC
ITRUS,ITZAQ
ITRVG,IT7LE
ITRVI,ITTRT
ITS2Z,ITAV7
ITS8C,ITCOG
ITSAC,ITSCM
ITSAI,ITSOL
ITSAP,ITLAO
ITSAQ,ITOSL
ITSB3,ITBEZ
ITSB4,ITSMI
ITSBB,ITDME
ITSBI,ITZPB
ITSBK,ITZMO
ITSBM,ITBOM
ITSC8,ITSUE
ITSCO,ITVIH
ITSCU,ITPMF
ITSDC,ITCVN
ITSDD,ITGIP
ITSDN,ITCCX
ITSDR,ITRBA
ITSDS,ITDLE
ITSDV,ITVED
ITSEC,ITCAL
ITSEK,ITRLT
ITSEL,ITLSE
ITSES,ITVCE
ITSET,ITROM
ITSEW,ITLER
ITSFB,ITZMO
ITSFD,ITBRC
ITSG6,ITFSL
ITSG7,ITCCJ
ITSGA,ITRTI
ITSGC,ITZQR
ITSGD,ITLC4
ITSGS,ITVPC
ITSGZ,ITV5F
ITSHI,ITURB
ITSHO,ITGA8
ITSIE,ITIML
ITSII,ITPON
ITSIP,ITPT5
ITSIT,ITROM
ITSM7,ITRAN
ITSM8,ITRSO
ITSME,ITASI
ITSMK,ITLL4
ITSMX,ITVRN
ITSMZ,ITAGT
ITSN6,ITMLC
ITSN8,ITVDL
ITSNF,ITAGT
ITSNH,ITCLG
ITSNM,ITALE
ITSNN,ITRPI
ITSNO,ITCXM
ITSNT,ITRFO
ITSO3,ITTCO
ITSOD,ITDDG
ITSP2,ITLLM
ITSP8,ITFVZ
ITSPA,ITSIR
ITSPB,ITBRM
ITSPD,ITTIL
ITSPP,ITPOD
ITSQI,ITBBB
ITSR9,ITSMI
ITSR9,ITZOK
ITSRA,ITCUN
ITSRP,ITZSP
ITSSI,ITXOB
ITSSO,ITPEG
ITSSS,ITRNE
ITSSW,ITPMF
ITST2,ITGIC
ITSTC,ITFLI
ITSTD,ITMLO
ITSTL,ITBVG
ITSTM,ITPNC
ITSTR,ITLIP
ITSTX,ITSLT
ITSUL,ITSGI
ITSUV,ITSVT
ITSVA,ITSI2
ITSVE,ITGRZ
ITSVG,ITZEX
ITSVX,ITRMI
ITSVY,ITTTQ
ITSXO,ITCNL
ITSZH,ITQCZ
ITSZS,ITOLR
ITSZV,ITZVO
ITTAL,ITOBT
ITTBN,ITSCZ
ITTBO,ITARO
ITTBR,ITCMG
ITTDF,ITFRR
ITTDM,ITCEZ
ITTDR,ITLED
ITTDV,ITZWM
ITTDZ,ITDZA
ITTEN,ITSZZ
ITTEP,ITMPC
ITTER,ITSLT
ITTES,ITVCE
ITTEV,ITALV
ITTGD,ITRVB
ITTGR,ITQOS
ITTGV,ITBCI
ITTII,ITSDZ
ITTIO,ITPEE
ITTL8,ITISV
ITTLM,ITPMS
ITTLV,IT6CM
ITTLY,ITRAN
ITTMN,ITMAR
ITTNA,ITCO3
ITTOB,ITVCZ
ITTON,ITPT3
ITTPO,ITGOA
ITTQR,ITTMT
ITTRH,ITMSN
ITTRK,ITSLT
ITTRU,ITZVT
ITTSP,ITROM
ITTST,ITCDC
ITTTC,ITVZU
ITTTE,ITZRF
ITTTF,ITPSA
ITTTO,ITCSM
ITTTP,ITLTN
ITTTT,ITTEO
ITTTV,ITPV2
ITTUF,ITMTU
ITTVV,ITRPD
ITTY6,ITCSS
ITTZE,ITARI
ITU3U,ITPES
ITUAN,ITTGN
ITUBA,ITMOR
ITUBE,ITFMD
ITUCP,ITZLG
ITUGO,ITPMF
ITULE,ITTRS
ITURC,ITPNL
ITURI,ITMTU
ITV2E,ITNVR
ITVA2,ITCEU
ITVAE,ITOPP
ITVBB,ITZTC
ITVBO,ITVGQ
ITVCC,ITTGC
ITVCP,ITCOI
ITVCS,ITVAC
ITVD2,ITCVG
ITVDC,ITCAU
ITVDO,ITKMR
ITVDT,ITBMZ
ITVDX,ITDDG
ITVFO,ITBVL
ITVG8,ITROF
ITVGG,ITCLG
ITVGL,ITCUB
ITVIB,ITRMI
ITVIR,ITASO
ITVIX,ITAON
ITVLG,ITDLC
ITVLH,ITPIE
ITVLP,ITPRG
ITVLQ,ITROD
ITVLT,ITZMO
ITVMI,ITCTV
ITVMN,ITALE
ITVMS,ITCSM
ITVN2,ITACE
ITVNB,ITZKL
ITVNC,ITPRD
ITVNE,ITSEG
ITVNG,ITCLG
ITVNN,ITLII
ITVON,ITCRB
ITVOZ,ITVIZ
ITVRG,ITICR
ITVRN,ITVDV
ITVSR,ITVDR
ITVTA,ITCHB
ITVTI,ITGOA
ITVTM,ITZWQ
ITVTP,ITRZZ
ITVUD,ITSGN
ITVUL,ITLIP
ITVV3,ITBNB
ITVV9,ITVRC
ITVVV,ITVBN
ITVVZ,ITVCE
ITWCO,ITURT
ITWR3,ITVGM
ITWSM,ITZTX
ITXCL,ITLZE
ITXCM,ITROP
ITXCU,ITOSE
ITXLO,ITAEV
ITXMA,ITMIA
ITXMA,ITVCE
ITXSV,ITSCC
ITXUY,ITZLG
ITXYX,ITMIG
ITYEM,ITFRL
ITYZL,ITCP2
ITZAD,ITABL
ITZAE,ITTOO
ITZAF,ITMSN
ITZAK,ITOVZ
ITZAL,ITROM
ITZAM,ITOPP
ITZAT,ITRAN
ITZAV,ITBGN
ITZBC,ITVGZ
ITZBG,ITMSN
ITZBT,ITVGQ
ITZCA,ITGZG
ITZCM,ITSLT
ITZCQ,ITTCZ
ITZDJ,ITLSS
ITZDL,ITMGN
ITZDR,ITPES
ITZDU,ITBIL
ITZDW,ITLTN
ITZEB,ITCEI
ITZED,ITHRG
ITZEF,ITMEG
ITZEH,ITSEV
ITZEJ,ITIOC
ITZFC,ITVRV
ITZFD,ITZKV
ITZFE,ITZCV
ITZFI,ITCOO
ITZFL,ITALE
ITZFO,ITCFV
ITZFS,ITRMI
ITZFT,ITGRI
ITZFV,ITCNZ
ITZGE,ITDRG
ITZGS,ITASV
ITZGW,IT6CM
ITZHE,ITGIR
ITZHE,ITRPT
ITZHK,ITFLR
ITZHO,ITGNE
ITZHU,ITALL
ITZIC,ITRPI
ITZIF,ITSM3
ITZIG,ITTGC
ITZIK,ITPMF
ITZIN,ITBLE
ITZIN,ITCQQ
ITZIN,ITOSS
ITZIN,ITVLI
ITZIS,ITIAR
ITZJD,ITGOM
ITZJE,ITRNE
ITZJK,ITBTP
ITZJN,ITZLK
ITZJO,ITGTD
ITZJT,ITIOB
ITZJV,ITGOA
ITZKA,ITSCZ
ITZKE,ITRNE
ITZKM,ITTVS
ITZKS,ITSCA
ITZKW,ITPDP
ITZKY,ITCNZ
ITZLA,ITRSS
ITZLH,ITSCG
ITZLJ,ITPCZ
ITZMC,ITLEN
ITZMG,ITCCH
ITZMJ,ITZOF
ITZMM,ITAGT
ITZMS,ITRPI
ITZNM,ITOMT
ITZNS,ITMGB
ITZOJ,IT6CM
ITZON,ITMLE
ITZOQ,ITSEI
ITZOU,ITUNE
ITZP2,ITCPP
ITZPC,ITGRE
ITZPD,ITFAL
ITZPE,ITRAN
ITZPI,ITOBA
ITZPS,ITNVR
ITZPX,ITLVB
ITZQA,ITPDP
ITZQC,IT7LE
ITZQE,ITVIC
ITZQG,ITROM
ITZQM,ITEPI
ITZQM,ITSMI
ITZQN,ITSNY
ITZRK,ITRZO
ITZRL,ITPGR
ITZRO,ITFRR
ITZSI,ITREG
ITZSJ,ITZKB
ITZSV,ITCII
ITZTE,ITCBZ
ITZTE,ITOTA
ITZTF,ITCMO
ITZTK,ITRLT
ITZTW,ITTEO
ITZUA,ITTDE
ITZUJ,ITRAN
ITZUL,ITBOM
ITZVE,ITV5F
ITZVX,ITVDM
ITZWI,ITPES
ITZWL,ITVDR
ITZWO,ITLZA
ITZWP,ITPMF
ITZWS,ITRTI
ITZWW,ITVAZ
ITZXB,ITBPV
ITZXC,ITBOE
ITZXG,ITSDM
ITZYA,ITCLG
ITZYB,ITOMO
ITZYC,ITXCO
ITZYF,ITPDP
ITZYH,ITAMO
ITZYL,ITEZO
ITZYM,ITIVR
ITZYN,ITZML
ITZYO,ITVRV
ITZYP,ITCLG
ITZYQ,ITREG
ITZYS,ITGLL
ITZYU,ITASO
ITZYV,ITRGO
ITZZE,ITVAZ
JPAMX,JPAMA
JPAMX,JPNYA
JPASR,JPTSZ
JPCCF,JPTKX
JPCHB,JPFNB
JPCHB,JPICH
JPCHB,JPICK
JPCHB,JPNAI
JPCHB,JPSDU
JPCTS,JPCKK
JPCTS,JPTMK
JPFCH,JPTKX
JPFSS,JPTKX
JPHAC,JPTKX
JPHAO,JPTKX
JPHGM,JPTKX
JPHKT,JPFUK
JPHMR,JPTKX
JPHND,JPTKX
JPHTK,JPTSJ
JPIKZ,JPKCZ
JPIRK,JPTAR
JPISI,JPOTR
JPIZH,JPTSJ
JPKCI,JPTKX
JPKGN,JPTKX
JPKIN,JPUMA
JPKIX,JPIZS
JPKIX,JPSEE
JPKKN,JPTKX
JPKNU,JPHDA
JPKNU,JPHKN
JPKNU,JPNHO
JPMAA,JPTKX
JPMAH,JPTKX
JPMIZ,JPKUA
JPMKR,JPTKX
JPMTR,JPSHS
JPMUH,JPTKX
JPMYE,JPTKX
JPNGO,JPCTA
JPNGO,JPTKA
JPNHI,JPKCZ
JPNIJ,JPTKX
JPNRT,JPNRI
JPNTO,JPTKX
JPOGA,JPTKX
JPOKO,JPTKX
JPONA,JPIWI
JPRYO,JPSDO
JPSMZ,JPSHO
JPSUZ,JPKCZ
JPTCI,JPTKX
JPTOA,JPIHA
JPTSZ,JPKCZ
JPTYO,JPTKX
KEKIL,KEMBA
KEWIL,KENBO
KRCJJ,KRCOJ
KRICN,KRINC
KRMAS,KRASA
KRMWX,KRMAN
KRRSU,KRYOS
KRSWU,KRSUO
LISCH,LIMAU
MAPTM,MATNG
MYCHE,MYKUL
MYGLG,MYPEN
MYJEL,MYPEN
MYKPN,MYKUL
MYPTU,MYPEN
MYTOL,MYJHB
MYTPI,MYJHB
MYUTI,MYJHB
NGLOA,NGIKE
NLAEH,NLBMD
NLBHZ,NLAPN
NLBRK,NLZLB
NLBSK,NLAPN
NLDTK,NLTEX
NLKWT,BEMEW
NLKWT,BESTK
NLNGD,NLAAH
NLNNE,NLAAH
NLPUT,BESTA
NLSNW,NLODW
NLTEA,NLNWK
NLZMM,NLAPN
NZMON,NZWLG
OMOPQ,OMMCT
PGBOR,PGPOM
PGGUG,PGPOM
PGKMA,PGPOM
PGPNP,PGPOM
PHMNN,PHMNL
PHMNS,PHMNL
PKKCT,PKKHI
PKLPK,PKLHE
PKPSC,PKPEW
PKSDR,PKLHE
PLNOW,PLGDN
PRCUP,PRSJU
PT8DA,PTLOS
PTABS,PTVSE
PTAC6,PTCTH
PTADC,PTAZA
PTAFA,PTNGV
PTAFN,PTSMF
PTAGC,PTPDV
PTAGL,PTSMF
PTAGS,PTOEI
PTAGZ,PTVMS
PTAHD,PTVFX
PTALS,PTCBR
PTAML,PTLUL
PTAMO,PTSEI
PTARJ,PTVFX
PTARP,PTSLV
PTATC,PTFUA
PTATH,PTSLV
PTAVC,PTETR
PTAVI,PTVNG
PTAZD,PTMMV
PTAZU,PTMFR
PTBBL,PTLRS
PTBBN,PTMTA
PTBRS,PTVDC
PTBTR,PTPRD
PTBUC,PTLRS
PTBUS,PTOLI
PTCAA,PTAVE
PTCAX,PTOEI
PTCBV,PTTVR
PTCCS,PTCAS
PTCDB,PTSRT
PTCEO,PTSMF
PTCES,PTLMG
PTCEV,PTCRA
PTCLE,PTLEA
PTCLJ,PTSTC
PTCMA,PTMAI
PTCMO,PTTVE
PTCMT,PTLRS
PTCNC,PTODI
PTCNI,PTNEL
PTCNO,PTSCZ
PTCNX,PTOEI
PTCPB,PTTON
PTCR2,PTPFR
PTCRG,PTVLP
PTCRI,PTVFX
PTCRO,PTTON
PTCRS,PTSEI
PTCSJ,PTSMF
PTCST,PTVNG
PTCVL,PTCOV
PTDAR,PTVDC
PTDFZ,PTVNG
PTECL,PTCML
PTEDD,PTSJP
PTEIX,PTAVE
PTELA,PTCBP
PTEMZ,PTOVA
PTERC,PTMFR
PTERM,PTNGV
PTFAE,PTEPS
PTFOZ,PTCDR
PTFRE,PTPFR
PTFRZ,PTPFR
PTFTM,PTOUR
PTGAE,PTOBD
PTGDN,PTILH
PTGIF,PTMAT
PTGRI,PTVNG
PTGRS,PTTBR
PTLAV,PTOEI
PTLDR,PTGUI
PTLE2,PTLEA
PTLOU,PTSMF
PTLRC,PTPOB
PTLSO,PTMLD
PTLVR,PTMAT
PTLXA,PTFEL
PTMAM,PTBAT
PTMCP,PTOLH
PTMLV,PTMFR
PTMRD,PTLEA
PTMRE,PTLEA
PTMRN,PTSMG
PTMRR,PTMAI
PTMSV,PTLRS
PTNOR,PTSMF
PTOES,PTODI
PTPAC,PTSMF
PTPAH,PTOLI
PTPCS,PTOEI
PTPEH,PTLRS
PTPFT,PTMAT
PTPMI,PTMIR
PTPNT,PTODI
PTPNV,PTPAL
PTPPR,PTPDV
PTPRE,PTCAS
PTPRO,PTVNG
PTPSA,PTODI
PTPSI,PTVFX
PTPSV,PTOEI
PTPTC,PTOUR
PTPTV,PTCXO
PTQRT,PTLUL
PTRIA,PTTNV
PTRIO,PTSMF
PTRPX,PTQEG
PTSAC,PTLRS
PTSAG,PTVBP
PTSAM,PTALE
PTSAN,PTANA
PTSBM,PTSLV
PTSBO,PTNGV
PTSCS,PTLEA
PTSHA,PTMAT
PTSIA,PTLRS
PTSJA,PTSCD
PTSJT,PTLRS
PTSLH,PTFUA
PTSLZ,PTTVR
PTSMA,PTVDP
PTSMD,PTMAT
PTSML,PTSMF
PTSMR,PTBNV
PTSMS,PTCPV
PTSOB,PTVFX
PTSSO,PTVGS
PTSVB,PTCBR
PTSVD,PTESN
PTTDH,PTMDL
PTTEN,PTMMV
PTTOA,PTMSA
PTTOC,PTCTH
PTTRO,PTAGU
PTTSO,PTCOV
PTTVO,PTCBP
PTVDG,PTCHV
PTVIA,PTVFX
PTVLH,PTSTI
PTVNM,PTODE
PTVNR,PTAZA
PTVPB,PTOHP
ROBAY,ROJUD
ROBOT,ROJUD
ROBUB,ROBUH
ROBUN,ROBUH
ROMSI,ROJUD
RORDS,ROJUD
ROSNI,ROJUD
ROVIZ,ROJUD
RUBRK,RULOM
RUFIP,RUVMS
RUKJA,RUKRA
RUKLI,RUKLR
RUKLP,RULED
RULOM,RULED
RUNAC,RUNCY
RUOKR,RULED
RUPGO,RULED
RUPUK,RULED
RUSHY,RULED
RUSZZ,RULED
RUTTI,RUTOI
RUVKO,RUMOW
RUVVO,RUVMS
RUZEL,RUMOW
RUZHL,RUBLA
SABUR,SAELQ
SEKVH,SEHEL
SEOXI,SEMMA
SGSEM,SGSIN
SKBAB,SKBTS
SKJAR,SKBTS
SMAQ8,SMZAC
SMDGN,SMSRV
SMFCO,SMSRV
SMGAL,SMSRV
SMRVT,SMSRV
THLKR,THBKK
TRESB,TRANK
TRIDM,TRPAY
TRPAZ,TREDI
TRYEH,TRANK
TWBAL,TWNTC
UACKC,UACHR
USAAP,USBAL
USBS8,USMKL
USBTU,USNFE
USBYM,USGRH
USDTW,USROU
USEKR,USOMA
USERQ,USANC
USESS,US8SS
USGON,USZGO
USHIB,USIBB
USHXB,USWTO
USIS3,USNYC
USKSP,USSTY
USLZD,USSTL
USMER,USHEP
USMJH,USLAX
USMJU,USXLN
USMNH,USNYC
USNCH,USCLT
USNDV,USWAS
USNTU,USVAB
USOCV,USVRN
USS5T,USORF
USSUS,USCFE
USUSB,USBAL
USUYU,USNYC
USVAI,USNWI
USWPJ,USLAX
USWQJ,USLAX
USWRQ,USWAS
USWT4,USQEI
USWTN,USLAX
USXFG,USDTN
USXLZ,USZBH
UYPCA,UYMVD
UZULU,UZTAS
VEPZO,VECGU
ZAABT,ZAGAU
ZAAET,ZAGAU
ZABFV,ZAGAU
ZABHT,ZAGAU
ZABNI,ZAGAU
ZABOK,ZAGAU
ZABRK,ZAGAU
ZACHL,ZAGAU
ZACNA,ZAGAU
ZACTV,ZAGAU
ZADUR,ZALAM
ZAEDE,ZAGAU
ZAELB,ZAGAU
ZAFBG,ZAGAU
ZAFCH,ZAGAU
ZAGRM,ZAGAU
ZAGSF,ZAGAU
ZAHSL,ZAGAU
ZAHST,ZAGAU
ZAISD,ZAGAU
ZAJNB,ZAGAU
ZAKDP,ZAGAU
ZAKMP,ZAGAU
ZAMEY,ZAGAU
ZAMGL,ZAGAU
ZAMPA,ZAGAU
ZAMRD,ZAGAU
ZANCF,ZAGAU
ZANDR,ZAGAU
ZAOLI,ZAGAU
ZAPRY,ZAGAU
ZARDB,ZAGAU
ZARDP,ZAGAU
ZARFT,ZAGAU
ZAROS,ZAGAU
ZARVA,ZAGAU
ZASAN,ZAGAU
ZASPR,ZAGAU
ZATHR,ZAGAU
ZAVDP,ZAGAU
ZAVGG,ZAGAU
ZAZAY,ZAGAU
ZAZEV,ZAGAU
ZAZFN,ZAGAU
ZMZKP,ZMCGJ
